Date,Open,High,Low,Close,Adj Close,Volume
2016-11-21,27.5,27.959999084472656,27.489999771118164,27.549999237060547,27.549999237060547,2003400
2016-11-22,27.530000686645508,27.969999313354492,27.290000915527344,27.459999084472656,27.459999084472656,3218900
2016-11-23,27.440000534057617,27.530000686645508,27.170000076293945,27.350000381469727,27.350000381469727,1897300
2016-11-25,27.329999923706055,27.6200008392334,27.100000381469727,27.540000915527344,27.540000915527344,647400
2016-11-28,27.489999771118164,27.5,26.770000457763672,27.219999313354492,27.219999313354492,2467600
2016-11-29,27.25,27.65999984741211,27.15999984741211,27.649999618530273,27.649999618530273,2647900
2016-11-30,27.719999313354492,28.0,27.09000015258789,27.09000015258789,27.09000015258789,2766700
2016-12-01,27.219999313354492,27.510000228881836,27.079999923706055,27.149999618530273,27.149999618530273,2909700
2016-12-02,27.010000228881836,27.520000457763672,26.520000457763672,26.600000381469727,26.600000381469727,2426400
2016-12-05,26.760000228881836,27.59000015258789,26.719999313354492,27.389999389648438,27.389999389648438,3066000
2016-12-06,27.420000076293945,27.799999237060547,27.219999313354492,27.790000915527344,27.790000915527344,2188900
2016-12-07,27.829999923706055,28.860000610351562,27.739999771118164,28.799999237060547,28.799999237060547,2616400
2016-12-08,28.739999771118164,29.719999313354492,28.729999542236328,29.549999237060547,29.549999237060547,2829300
2016-12-09,29.549999237060547,29.6299991607666,28.610000610351562,29.100000381469727,29.100000381469727,4909700
2016-12-12,28.829999923706055,28.8799991607666,27.969999313354492,28.579999923706055,28.579999923706055,4393900
2016-12-13,28.610000610351562,29.0,28.610000610351562,28.770000457763672,28.770000457763672,1859500
2016-12-14,28.739999771118164,29.06999969482422,28.549999237060547,28.68000030517578,28.68000030517578,2178100
2016-12-15,28.700000762939453,29.0,28.530000686645508,28.850000381469727,28.850000381469727,2779600
2016-12-16,28.940000534057617,29.09000015258789,28.360000610351562,28.389999389648438,28.389999389648438,3359700
2016-12-19,28.489999771118164,28.65999984741211,28.079999923706055,28.170000076293945,28.170000076293945,2093300
2016-12-20,28.170000076293945,28.530000686645508,28.139999389648438,28.489999771118164,28.489999771118164,1892700
2016-12-21,28.389999389648438,28.600000381469727,28.309999465942383,28.440000534057617,28.440000534057617,1233900
2016-12-22,28.450000762939453,28.459999084472656,27.719999313354492,28.1299991607666,28.1299991607666,2061400
2016-12-23,28.170000076293945,28.270000457763672,27.920000076293945,28.0,28.0,1114400
2016-12-27,28.1299991607666,28.299999237060547,27.6200008392334,28.1200008392334,28.1200008392334,1341700
2016-12-28,28.1200008392334,28.239999771118164,27.799999237060547,27.889999389648438,27.889999389648438,1197800
2016-12-29,27.8799991607666,28.020000457763672,27.600000381469727,27.690000534057617,27.690000534057617,1131000
2016-12-30,27.68000030517578,27.75,27.25,27.40999984741211,27.40999984741211,1573100
2017-01-03,27.65999984741211,28.309999465942383,27.65999984741211,27.959999084472656,27.959999084472656,2626200
2017-01-04,27.979999542236328,28.450000762939453,27.920000076293945,28.290000915527344,28.290000915527344,2017800
2017-01-05,27.81999969482422,28.170000076293945,27.139999389648438,27.200000762939453,27.200000762939453,3664200
2017-01-06,27.229999542236328,27.809999465942383,27.1299991607666,27.479999542236328,27.479999542236328,3337400
2017-01-09,27.309999465942383,27.420000076293945,26.84000015258789,26.8700008392334,26.8700008392334,2382600
2017-01-10,26.389999389648438,26.780000686645508,26.15999984741211,26.34000015258789,26.34000015258789,5618600
2017-01-11,26.34000015258789,26.530000686645508,26.1200008392334,26.510000228881836,26.510000228881836,5780000
2017-01-12,26.360000610351562,27.280000686645508,26.34000015258789,27.200000762939453,27.200000762939453,3818800
2017-01-13,27.170000076293945,27.479999542236328,27.010000228881836,27.399999618530273,27.399999618530273,2285600
2017-01-17,27.389999389648438,27.84000015258789,27.209999084472656,27.809999465942383,27.809999465942383,2651900
2017-01-18,27.950000762939453,28.219999313354492,27.739999771118164,28.010000228881836,28.010000228881836,2497300
2017-01-19,28.100000381469727,28.200000762939453,27.760000228881836,28.0,28.0,2148800
2017-01-20,28.040000915527344,28.219999313354492,27.81999969482422,27.889999389648438,27.889999389648438,2059100
2017-01-23,27.889999389648438,28.329999923706055,27.809999465942383,28.270000457763672,28.270000457763672,2241300
2017-01-24,28.31999969482422,28.540000915527344,28.040000915527344,28.489999771118164,28.489999771118164,1499700
2017-01-25,28.6200008392334,28.979999542236328,27.40999984741211,27.579999923706055,27.579999923706055,6358300
2017-01-26,27.799999237060547,28.200000762939453,27.540000915527344,27.899999618530273,27.899999618530273,3511200
2017-01-27,27.959999084472656,28.34000015258789,27.68000030517578,28.059999465942383,28.059999465942383,2106100
2017-01-30,28.06999969482422,28.15999984741211,27.670000076293945,27.979999542236328,27.979999542236328,1665300
2017-01-31,27.950000762939453,28.68000030517578,27.5,28.350000381469727,28.350000381469727,3789800
2017-02-01,28.31999969482422,28.56999969482422,27.68000030517578,28.040000915527344,28.040000915527344,2662700
2017-02-02,27.959999084472656,28.020000457763672,27.610000610351562,27.790000915527344,27.790000915527344,2295000
2017-02-03,27.8700008392334,28.149999618530273,27.829999923706055,28.09000015258789,28.09000015258789,1497100
2017-02-06,27.979999542236328,28.260000228881836,27.860000610351562,27.969999313354492,27.969999313354492,2060000
2017-02-07,27.959999084472656,28.09000015258789,27.579999923706055,27.989999771118164,27.989999771118164,1448300
2017-02-08,28.010000228881836,28.010000228881836,27.34000015258789,27.530000686645508,27.530000686645508,2140100
2017-02-09,27.59000015258789,28.290000915527344,27.549999237060547,27.959999084472656,27.959999084472656,2436600
2017-02-10,28.0,28.56999969482422,27.920000076293945,28.479999542236328,28.479999542236328,2915800
2017-02-13,28.510000228881836,29.200000762939453,28.510000228881836,29.030000686645508,29.030000686645508,5129600
2017-02-14,28.75,28.93000030517578,27.65999984741211,28.530000686645508,28.530000686645508,7141200
2017-02-15,28.469999313354492,28.920000076293945,28.350000381469727,28.489999771118164,28.489999771118164,3837200
2017-02-16,28.56999969482422,28.860000610351562,28.479999542236328,28.56999969482422,28.56999969482422,3025100
2017-02-17,28.579999923706055,28.959999084472656,28.549999237060547,28.68000030517578,28.68000030517578,1987500
2017-02-21,28.6200008392334,29.889999389648438,28.610000610351562,29.6200008392334,29.6200008392334,5847600
2017-02-22,29.40999984741211,29.729999542236328,29.270000457763672,29.510000228881836,29.510000228881836,3441800
2017-02-23,29.600000381469727,29.90999984741211,29.299999237060547,29.5,29.5,1850100
2017-02-24,29.459999084472656,29.510000228881836,29.0,29.270000457763672,29.270000457763672,2028800
2017-02-27,29.190000534057617,29.3799991607666,28.84000015258789,29.049999237060547,29.049999237060547,2091500
2017-02-28,29.170000076293945,29.170000076293945,28.579999923706055,28.760000228881836,28.760000228881836,2100100
2017-03-01,29.010000228881836,29.020000457763672,28.479999542236328,28.520000457763672,28.520000457763672,2360200
2017-03-02,28.40999984741211,28.510000228881836,27.84000015258789,28.489999771118164,28.489999771118164,4948400
2017-03-03,28.479999542236328,28.520000457763672,27.860000610351562,27.889999389648438,27.889999389648438,3464700
2017-03-06,27.770000457763672,27.8700008392334,27.31999969482422,27.780000686645508,27.780000686645508,4676100
2017-03-07,27.670000076293945,28.1200008392334,27.5,27.75,27.75,4586500
2017-03-08,27.809999465942383,28.239999771118164,27.809999465942383,27.979999542236328,27.979999542236328,3091300
2017-03-09,27.850000381469727,28.170000076293945,27.649999618530273,27.860000610351562,27.860000610351562,2115300
2017-03-10,27.979999542236328,28.020000457763672,27.479999542236328,27.690000534057617,27.690000534057617,1807800
2017-03-13,27.700000762939453,27.719999313354492,27.299999237060547,27.5,27.5,2155600
2017-03-14,27.469999313354492,27.829999923706055,27.229999542236328,27.459999084472656,27.459999084472656,1763900
2017-03-15,27.459999084472656,28.100000381469727,27.309999465942383,28.0,28.0,2610700
2017-03-16,27.979999542236328,28.350000381469727,27.420000076293945,28.149999618530273,28.149999618530273,3074900
2017-03-17,28.25,28.25,27.829999923706055,28.010000228881836,28.010000228881836,2310800
2017-03-20,27.989999771118164,28.040000915527344,27.729999542236328,27.729999542236328,27.729999542236328,2267700
2017-03-21,27.899999618530273,28.0,27.3700008392334,27.440000534057617,27.440000534057617,1466400
2017-03-22,27.479999542236328,27.670000076293945,27.149999618530273,27.540000915527344,27.540000915527344,1616300
2017-03-23,27.5,27.799999237060547,27.350000381469727,27.670000076293945,27.670000076293945,1361700
2017-03-24,27.729999542236328,27.729999542236328,27.43000030517578,27.540000915527344,27.540000915527344,2471000
2017-03-27,27.479999542236328,27.65999984741211,27.309999465942383,27.6299991607666,27.6299991607666,2530900
2017-03-28,27.649999618530273,27.81999969482422,27.420000076293945,27.68000030517578,27.68000030517578,1679900
2017-03-29,27.610000610351562,28.1299991607666,27.489999771118164,28.059999465942383,28.059999465942383,2731400
2017-03-30,28.049999237060547,28.729999542236328,28.010000228881836,28.700000762939453,28.700000762939453,2101000
2017-03-31,28.719999313354492,29.18000030517578,28.520000457763672,29.09000015258789,29.09000015258789,3415200
2017-04-03,29.100000381469727,29.260000228881836,28.59000015258789,28.93000030517578,28.93000030517578,3830600
2017-04-04,28.8799991607666,29.290000915527344,28.8799991607666,29.270000457763672,29.270000457763672,2385400
2017-04-05,29.420000076293945,29.8799991607666,29.31999969482422,29.360000610351562,29.360000610351562,4305400
2017-04-06,29.34000015258789,29.5,29.020000457763672,29.299999237060547,29.299999237060547,3256900
2017-04-07,29.329999923706055,29.40999984741211,29.1200008392334,29.209999084472656,29.209999084472656,2298300
2017-04-10,29.229999542236328,29.440000534057617,29.139999389648438,29.190000534057617,29.190000534057617,1616800
2017-04-11,29.239999771118164,29.239999771118164,28.829999923706055,29.040000915527344,29.040000915527344,1644900
2017-04-12,28.989999771118164,29.030000686645508,28.6299991607666,28.690000534057617,28.690000534057617,2869300
2017-04-13,28.65999984741211,28.75,28.219999313354492,28.290000915527344,28.290000915527344,2493100
2017-04-17,28.40999984741211,28.59000015258789,28.25,28.5,28.5,1435100
2017-04-18,28.440000534057617,28.700000762939453,28.329999923706055,28.610000610351562,28.610000610351562,2202100
2017-04-19,28.68000030517578,29.149999618530273,28.68000030517578,28.920000076293945,28.920000076293945,1809900
2017-04-20,30.25,30.25,29.030000686645508,29.31999969482422,29.31999969482422,2126300
2017-04-21,29.309999465942383,29.469999313354492,29.110000610351562,29.15999984741211,29.15999984741211,1439800
2017-04-24,29.639999389648438,29.709999084472656,29.31999969482422,29.399999618530273,29.399999618530273,1938100
2017-04-25,29.40999984741211,29.56999969482422,29.260000228881836,29.290000915527344,29.290000915527344,1927600
2017-04-26,29.3700008392334,29.5,29.229999542236328,29.389999389648438,29.389999389648438,1823400
2017-04-27,29.479999542236328,29.479999542236328,29.239999771118164,29.389999389648438,29.389999389648438,1716600
2017-04-28,29.350000381469727,29.350000381469727,28.440000534057617,28.780000686645508,28.780000686645508,3527900
2017-05-01,28.940000534057617,29.0,27.959999084472656,27.979999542236328,27.979999542236328,4344200
2017-05-02,28.079999923706055,28.280000686645508,27.3799991607666,27.959999084472656,27.959999084472656,3994400
2017-05-03,27.81999969482422,27.8700008392334,26.389999389648438,26.780000686645508,26.780000686645508,7581900
2017-05-04,26.719999313354492,26.989999771118164,26.0,26.6299991607666,26.6299991607666,7961200
2017-05-05,26.780000686645508,27.1200008392334,26.739999771118164,27.09000015258789,27.09000015258789,4073300
2017-05-08,27.399999618530273,27.399999618530273,26.559999465942383,27.25,27.25,5843800
2017-05-09,26.469999313354492,26.899999618530273,25.790000915527344,26.65999984741211,26.65999984741211,6171800
2017-05-10,26.489999771118164,26.600000381469727,26.0,26.110000610351562,26.110000610351562,5312200
2017-05-11,26.100000381469727,26.389999389648438,25.899999618530273,26.329999923706055,26.329999923706055,3150700
2017-05-12,26.31999969482422,26.389999389648438,26.0,26.06999969482422,26.06999969482422,1791300
2017-05-15,26.040000915527344,26.190000534057617,25.889999389648438,26.010000228881836,26.010000228881836,2565400
2017-05-16,26.010000228881836,26.059999465942383,25.219999313354492,25.579999923706055,25.579999923706055,3455700
2017-05-17,25.43000030517578,25.56999969482422,25.06999969482422,25.110000610351562,25.110000610351562,3577500
2017-05-18,25.020000457763672,25.399999618530273,24.8799991607666,25.18000030517578,25.18000030517578,1896100
2017-05-19,25.1299991607666,25.93000030517578,25.079999923706055,25.8700008392334,25.8700008392334,2324300
2017-05-22,25.809999465942383,26.270000457763672,25.770000457763672,26.209999084472656,26.209999084472656,2855400
2017-05-23,26.15999984741211,26.200000762939453,25.469999313354492,25.6299991607666,25.6299991607666,3219800
2017-05-24,25.729999542236328,25.809999465942383,25.270000457763672,25.459999084472656,25.459999084472656,2926500
2017-05-25,25.520000457763672,25.860000610351562,25.450000762939453,25.600000381469727,25.600000381469727,2522000
2017-05-26,25.65999984741211,25.8700008392334,25.549999237060547,25.8700008392334,25.8700008392334,1837500
2017-05-30,25.899999618530273,26.239999771118164,25.760000228881836,26.200000762939453,26.200000762939453,3552000
2017-05-31,26.209999084472656,26.950000762939453,25.989999771118164,26.5,26.5,5265100
2017-06-01,26.5,26.780000686645508,26.15999984741211,26.739999771118164,26.739999771118164,2672400
2017-06-02,26.670000076293945,26.950000762939453,26.450000762939453,26.489999771118164,26.489999771118164,2165700
2017-06-05,26.389999389648438,26.469999313354492,25.889999389648438,26.209999084472656,26.209999084472656,2476500
2017-06-06,26.020000457763672,26.290000915527344,25.899999618530273,26.15999984741211,26.15999984741211,2612000
2017-06-07,26.200000762939453,26.43000030517578,26.059999465942383,26.40999984741211,26.40999984741211,3637900
2017-06-08,26.489999771118164,26.489999771118164,25.979999542236328,26.06999969482422,26.06999969482422,3517600
2017-06-09,26.06999969482422,26.280000686645508,25.530000686645508,26.100000381469727,26.100000381469727,4043100
2017-06-12,26.079999923706055,27.229999542236328,26.040000915527344,26.59000015258789,26.59000015258789,5515400
2017-06-13,26.56999969482422,26.600000381469727,26.1299991607666,26.440000534057617,26.440000534057617,1993700
2017-06-14,26.530000686645508,26.6200008392334,26.010000228881836,26.270000457763672,26.270000457763672,2046500
2017-06-15,26.09000015258789,26.5,26.09000015258789,26.40999984741211,26.40999984741211,2044400
2017-06-16,26.280000686645508,26.540000915527344,26.079999923706055,26.520000457763672,26.520000457763672,2257500
2017-06-19,26.56999969482422,26.649999618530273,26.399999618530273,26.43000030517578,26.43000030517578,1925100
2017-06-20,26.350000381469727,26.420000076293945,25.5,25.510000228881836,25.510000228881836,2682800
2017-06-21,25.559999465942383,25.690000534057617,25.09000015258789,25.579999923706055,25.579999923706055,3490600
2017-06-22,25.639999389648438,25.75,25.329999923706055,25.520000457763672,25.520000457763672,2095500
2017-06-23,25.510000228881836,25.81999969482422,25.389999389648438,25.790000915527344,25.790000915527344,4660900
2017-06-26,25.84000015258789,26.350000381469727,25.780000686645508,26.200000762939453,26.200000762939453,1949500
2017-06-27,26.110000610351562,26.34000015258789,26.049999237060547,26.1299991607666,26.1299991607666,2508600
2017-06-28,26.260000228881836,26.549999237060547,26.040000915527344,26.139999389648438,26.139999389648438,3171300
2017-06-29,26.110000610351562,26.360000610351562,25.760000228881836,26.0,26.0,2708400
2017-06-30,26.149999618530273,26.149999618530273,25.670000076293945,25.829999923706055,25.829999923706055,3061800
2017-07-03,26.030000686645508,26.690000534057617,26.030000686645508,26.200000762939453,26.200000762939453,1333600
2017-07-05,26.209999084472656,26.43000030517578,26.049999237060547,26.079999923706055,26.079999923706055,1912200
2017-07-06,25.969999313354492,26.010000228881836,25.649999618530273,25.780000686645508,25.780000686645508,1545400
2017-07-07,25.780000686645508,25.950000762939453,25.440000534057617,25.81999969482422,25.81999969482422,1711000
2017-07-10,25.829999923706055,26.309999465942383,25.760000228881836,26.25,26.25,2661300
2017-07-11,26.1299991607666,26.290000915527344,26.010000228881836,26.200000762939453,26.200000762939453,1429600
2017-07-12,26.440000534057617,26.450000762939453,26.09000015258789,26.170000076293945,26.170000076293945,1211700
2017-07-13,26.09000015258789,26.3700008392334,26.059999465942383,26.15999984741211,26.15999984741211,1554000
2017-07-14,26.25,26.440000534057617,26.200000762939453,26.219999313354492,26.219999313354492,1634500
2017-07-17,26.239999771118164,26.520000457763672,26.06999969482422,26.399999618530273,26.399999618530273,2750100
2017-07-18,26.270000457763672,26.3799991607666,25.850000381469727,26.049999237060547,26.049999237060547,1989400
2017-07-19,27.790000915527344,27.920000076293945,26.65999984741211,27.18000030517578,27.18000030517578,12387700
2017-07-20,27.18000030517578,27.59000015258789,26.579999923706055,26.600000381469727,26.600000381469727,5858000
2017-07-21,26.649999618530273,26.75,26.329999923706055,26.549999237060547,26.549999237060547,3502000
2017-07-24,26.489999771118164,26.600000381469727,26.290000915527344,26.489999771118164,26.489999771118164,2253400
2017-07-25,26.489999771118164,26.639999389648438,25.6200008392334,25.93000030517578,25.93000030517578,7499200
2017-07-26,25.899999618530273,26.780000686645508,25.899999618530273,26.579999923706055,26.579999923706055,4456600
2017-07-27,25.899999618530273,26.860000610351562,25.520000457763672,26.389999389648438,26.389999389648438,12714200
2017-07-28,26.34000015258789,26.8700008392334,26.1200008392334,26.799999237060547,26.799999237060547,6784500
2017-07-31,26.399999618530273,26.420000076293945,24.190000534057617,24.600000381469727,24.600000381469727,25688700
2017-08-01,24.770000457763672,24.959999084472656,24.139999389648438,24.3799991607666,24.3799991607666,8105800
2017-08-02,24.549999237060547,25.040000915527344,24.309999465942383,25.010000228881836,25.010000228881836,5025100
2017-08-03,24.93000030517578,25.040000915527344,24.690000534057617,24.739999771118164,24.739999771118164,3960700
2017-08-04,24.860000610351562,24.860000610351562,23.68000030517578,23.729999542236328,23.729999542236328,7408000
2017-08-07,23.790000915527344,24.309999465942383,23.770000457763672,24.25,24.25,4762300
2017-08-08,24.469999313354492,24.68000030517578,24.139999389648438,24.299999237060547,24.299999237060547,3261900
2017-08-09,24.0,24.170000076293945,23.040000915527344,23.600000381469727,23.600000381469727,6880100
2017-08-10,23.489999771118164,23.6200008392334,22.8700008392334,23.0,23.0,3807500
2017-08-11,23.030000686645508,23.149999618530273,22.81999969482422,22.90999984741211,22.90999984741211,3274400
2017-08-14,23.110000610351562,23.280000686645508,22.860000610351562,22.899999618530273,22.899999618530273,3522600
2017-08-15,22.850000381469727,23.0,22.719999313354492,22.760000228881836,22.760000228881836,2270800
2017-08-16,22.979999542236328,23.100000381469727,22.510000228881836,22.600000381469727,22.600000381469727,4263500
2017-08-17,22.469999313354492,22.59000015258789,22.1200008392334,22.239999771118164,22.239999771118164,4143700
2017-08-18,22.270000457763672,22.729999542236328,22.229999542236328,22.489999771118164,22.489999771118164,4179200
2017-08-21,22.489999771118164,22.610000610351562,22.190000534057617,22.34000015258789,22.34000015258789,2601800
2017-08-22,22.389999389648438,22.530000686645508,22.270000457763672,22.489999771118164,22.489999771118164,2858600
2017-08-23,22.43000030517578,22.65999984741211,22.40999984741211,22.489999771118164,22.489999771118164,2347500
2017-08-24,22.440000534057617,22.649999618530273,22.3799991607666,22.520000457763672,22.520000457763672,2072600
2017-08-25,22.56999969482422,22.780000686645508,22.5,22.65999984741211,22.65999984741211,2418600
2017-08-28,22.709999084472656,23.309999465942383,22.700000762939453,22.809999465942383,22.809999465942383,4610400
2017-08-29,22.559999465942383,22.65999984741211,22.1200008392334,22.450000762939453,22.450000762939453,3896000
2017-08-30,22.450000762939453,22.479999542236328,22.170000076293945,22.190000534057617,22.190000534057617,2739100
2017-08-31,22.1299991607666,22.260000228881836,22.110000610351562,22.209999084472656,22.209999084472656,2606100
2017-09-01,22.270000457763672,22.489999771118164,22.1299991607666,22.15999984741211,22.15999984741211,1770100
2017-09-05,22.170000076293945,22.360000610351562,21.489999771118164,21.6200008392334,21.6200008392334,2556600
2017-09-06,21.6299991607666,21.989999771118164,21.540000915527344,21.860000610351562,21.860000610351562,2667300
2017-09-07,21.940000534057617,22.0,21.149999618530273,21.34000015258789,21.34000015258789,6688100
2017-09-08,21.329999923706055,21.350000381469727,20.719999313354492,21.25,21.25,4058100
2017-09-11,21.399999618530273,21.56999969482422,20.780000686645508,20.799999237060547,20.799999237060547,5083300
2017-09-12,20.8700008392334,21.229999542236328,20.530000686645508,21.0,21.0,6402900
2017-09-13,21.020000457763672,21.280000686645508,20.950000762939453,21.200000762939453,21.200000762939453,2722600
2017-09-14,21.1299991607666,21.530000686645508,21.09000015258789,21.479999542236328,21.479999542236328,5658300
2017-09-15,21.600000381469727,21.989999771118164,21.290000915527344,21.940000534057617,21.940000534057617,7494700
2017-09-18,21.979999542236328,21.979999542236328,21.200000762939453,21.31999969482422,21.31999969482422,4772400
2017-09-19,21.31999969482422,21.31999969482422,20.139999389648438,21.290000915527344,21.290000915527344,3747500
2017-09-20,21.3700008392334,21.40999984741211,21.15999984741211,21.260000228881836,21.260000228881836,3982200
2017-09-21,21.3700008392334,21.420000076293945,21.209999084472656,21.350000381469727,21.350000381469727,2197600
2017-09-22,21.34000015258789,21.540000915527344,21.229999542236328,21.40999984741211,21.40999984741211,2373800
2017-09-25,21.350000381469727,21.559999465942383,21.260000228881836,21.350000381469727,21.350000381469727,1951200
2017-09-26,21.780000686645508,21.780000686645508,21.25,21.280000686645508,21.280000686645508,2447700
2017-09-27,21.34000015258789,21.540000915527344,21.06999969482422,21.469999313354492,21.469999313354492,2288800
2017-09-28,21.40999984741211,21.420000076293945,21.200000762939453,21.389999389648438,21.389999389648438,1995700
2017-09-29,21.360000610351562,21.579999923706055,21.270000457763672,21.290000915527344,21.290000915527344,2477300
2017-10-02,21.25,21.59000015258789,21.25,21.530000686645508,21.530000686645508,2332500
2017-10-03,21.510000228881836,21.549999237060547,21.350000381469727,21.530000686645508,21.530000686645508,1824900
2017-10-04,21.469999313354492,21.799999237060547,21.459999084472656,21.719999313354492,21.719999313354492,2416300
2017-10-05,21.739999771118164,21.8799991607666,21.399999618530273,21.520000457763672,21.520000457763672,3158900
2017-10-06,21.520000457763672,21.600000381469727,21.239999771118164,21.40999984741211,21.40999984741211,2516700
2017-10-09,21.309999465942383,21.350000381469727,20.729999542236328,20.829999923706055,20.829999923706055,3342900
2017-10-10,20.81999969482422,20.920000076293945,20.290000915527344,20.530000686645508,20.530000686645508,3237600
2017-10-11,20.559999465942383,20.600000381469727,19.950000762939453,20.0,20.0,3968500
2017-10-12,19.81999969482422,19.899999618530273,19.270000457763672,19.280000686645508,19.280000686645508,11046800
2017-10-13,19.299999237060547,19.389999389648438,19.010000228881836,19.239999771118164,19.239999771118164,5121000
2017-10-16,19.299999237060547,19.309999465942383,18.979999542236328,19.059999465942383,19.059999465942383,4760700
2017-10-17,18.969999313354492,19.219999313354492,18.610000610351562,19.15999984741211,19.15999984741211,7846300
2017-10-18,19.280000686645508,19.670000076293945,19.15999984741211,19.6299991607666,19.6299991607666,6599800
2017-10-19,19.549999237060547,20.110000610351562,19.5,20.09000015258789,20.09000015258789,5212900
2017-10-20,20.190000534057617,20.299999237060547,20.040000915527344,20.290000915527344,20.290000915527344,3350300
2017-10-23,20.270000457763672,20.270000457763672,19.59000015258789,19.6200008392334,19.6200008392334,4113300
2017-10-24,19.579999923706055,19.68000030517578,19.43000030517578,19.459999084472656,19.459999084472656,3764300
2017-10-25,19.3700008392334,19.389999389648438,19.06999969482422,19.260000228881836,19.260000228881836,3119000
2017-10-26,19.239999771118164,19.489999771118164,19.110000610351562,19.34000015258789,19.34000015258789,2572500
2017-10-27,19.200000762939453,19.31999969482422,18.760000228881836,19.079999923706055,19.079999923706055,5013800
2017-10-30,19.020000457763672,19.299999237060547,18.90999984741211,18.979999542236328,18.979999542236328,3885800
2017-10-31,18.989999771118164,19.110000610351562,18.600000381469727,18.8799991607666,18.8799991607666,6101900
2017-11-01,18.940000534057617,19.31999969482422,18.770000457763672,19.15999984741211,19.15999984741211,6748500
2017-11-02,18.510000228881836,18.600000381469727,17.0,17.309999465942383,17.309999465942383,16160800
2017-11-03,17.209999084472656,17.209999084472656,16.200000762939453,16.520000457763672,16.520000457763672,10261700
2017-11-06,16.469999313354492,17.270000457763672,16.420000076293945,17.100000381469727,17.100000381469727,10553400
2017-11-07,17.40999984741211,18.09000015258789,17.239999771118164,17.329999923706055,17.329999923706055,9893700
2017-11-08,17.219999313354492,17.479999542236328,17.010000228881836,17.100000381469727,17.100000381469727,5534500
2017-11-09,17.040000915527344,17.709999084472656,16.959999084472656,17.170000076293945,17.170000076293945,5462700
2017-11-10,17.229999542236328,17.34000015258789,17.049999237060547,17.190000534057617,17.190000534057617,3376800
2017-11-13,17.170000076293945,17.200000762939453,16.579999923706055,16.989999771118164,16.989999771118164,4086200
2017-11-14,16.889999389648438,16.969999313354492,16.219999313354492,16.280000686645508,16.280000686645508,4648500
2017-11-15,16.270000457763672,16.790000915527344,15.989999771118164,16.719999313354492,16.719999313354492,3876900
2017-11-16,16.68000030517578,16.790000915527344,16.139999389648438,16.760000228881836,16.760000228881836,7194100
2017-11-17,17.389999389648438,17.729999542236328,16.81999969482422,17.549999237060547,17.549999237060547,6901700
2017-11-20,17.549999237060547,17.56999969482422,17.100000381469727,17.360000610351562,17.360000610351562,6616200
2017-11-21,17.389999389648438,17.489999771118164,16.979999542236328,17.25,17.25,4861300
2017-11-22,17.31999969482422,17.979999542236328,17.149999618530273,17.790000915527344,17.790000915527344,4446200
2017-11-24,17.739999771118164,17.81999969482422,17.469999313354492,17.5,17.5,2263100
2017-11-27,17.520000457763672,17.559999465942383,17.200000762939453,17.469999313354492,17.469999313354492,3781000
2017-11-28,17.440000534057617,17.979999542236328,17.229999542236328,17.969999313354492,17.969999313354492,4286000
2017-11-29,17.969999313354492,18.889999389648438,17.8700008392334,18.8700008392334,18.8700008392334,8084900
2017-11-30,19.0,19.15999984741211,18.5,19.020000457763672,19.020000457763672,10490400
2017-12-01,18.899999618530273,19.600000381469727,18.790000915527344,19.459999084472656,19.459999084472656,11037700
2017-12-04,19.670000076293945,20.979999542236328,19.6299991607666,20.850000381469727,20.850000381469727,14287800
2017-12-05,20.780000686645508,20.90999984741211,19.790000915527344,19.860000610351562,19.860000610351562,9529000
2017-12-06,20.079999923706055,20.139999389648438,19.389999389648438,19.440000534057617,19.440000534057617,6044700
2017-12-07,19.350000381469727,19.690000534057617,19.030000686645508,19.530000686645508,19.530000686645508,5741800
2017-12-08,19.579999923706055,19.889999389648438,19.31999969482422,19.65999984741211,19.65999984741211,4223700
2017-12-11,19.649999618530273,20.049999237060547,19.450000762939453,19.770000457763672,19.770000457763672,6460600
2017-12-12,19.850000381469727,19.8700008392334,19.3799991607666,19.649999618530273,19.649999618530273,4485000
2017-12-13,19.600000381469727,19.920000076293945,19.110000610351562,19.790000915527344,19.790000915527344,5523700
2017-12-14,19.790000915527344,20.329999923706055,19.5,20.040000915527344,20.040000915527344,4285200
2017-12-15,20.770000457763672,21.739999771118164,20.469999313354492,21.040000915527344,21.040000915527344,19056100
2017-12-18,21.3700008392334,21.719999313354492,20.770000457763672,21.639999389648438,21.639999389648438,6667000
2017-12-19,21.639999389648438,22.15999984741211,21.40999984741211,22.010000228881836,22.010000228881836,5938900
2017-12-20,22.010000228881836,22.469999313354492,21.950000762939453,22.3700008392334,22.3700008392334,7442000
2017-12-21,23.18000030517578,23.889999389648438,22.950000762939453,23.360000610351562,23.360000610351562,12797100
2017-12-22,23.270000457763672,23.829999923706055,23.09000015258789,23.729999542236328,23.729999542236328,4745700
2017-12-26,23.6299991607666,24.100000381469727,23.459999084472656,23.56999969482422,23.56999969482422,3729000
2017-12-27,23.729999542236328,23.760000228881836,23.010000228881836,23.049999237060547,23.049999237060547,4230300
2017-12-28,23.049999237060547,23.100000381469727,22.329999923706055,22.549999237060547,22.549999237060547,4675800
2017-12-29,22.639999389648438,22.799999237060547,22.360000610351562,22.3799991607666,22.3799991607666,2893200
2018-01-02,22.959999084472656,23.3700008392334,22.43000030517578,23.110000610351562,23.110000610351562,5028200
2018-01-03,23.18000030517578,23.34000015258789,22.59000015258789,22.6200008392334,22.6200008392334,5292900
2018-01-04,22.68000030517578,22.709999084472656,21.8799991607666,22.1299991607666,22.1299991607666,7875900
2018-01-05,22.18000030517578,22.229999542236328,21.579999923706055,22.0,22.0,8498800
2018-01-08,22.049999237060547,22.40999984741211,21.790000915527344,22.3700008392334,22.3700008392334,4103800
2018-01-09,22.299999237060547,22.610000610351562,21.579999923706055,21.649999618530273,21.649999618530273,5595000
2018-01-10,21.530000686645508,23.1200008392334,21.1299991607666,22.829999923706055,22.829999923706055,10068500
2018-01-11,22.940000534057617,24.049999237060547,22.860000610351562,24.010000228881836,24.010000228881836,7532600
2018-01-12,24.06999969482422,24.3700008392334,23.729999542236328,24.329999923706055,24.329999923706055,4081800
2018-01-16,24.399999618530273,24.889999389648438,24.309999465942383,24.530000686645508,24.530000686645508,5526300
2018-01-17,24.479999542236328,25.139999389648438,24.290000915527344,24.700000762939453,24.700000762939453,5115900
2018-01-18,24.600000381469727,25.780000686645508,24.59000015258789,25.59000015258789,25.59000015258789,5098700
2018-01-19,25.579999923706055,25.739999771118164,25.15999984741211,25.709999084472656,25.709999084472656,4177000
2018-01-22,25.729999542236328,26.5,25.579999923706055,26.329999923706055,26.329999923706055,4751200
2018-01-23,26.229999542236328,26.229999542236328,25.360000610351562,25.700000762939453,25.700000762939453,4565700
2018-01-24,25.639999389648438,26.110000610351562,25.5,26.010000228881836,26.010000228881836,2880900
2018-01-25,26.06999969482422,26.1299991607666,25.56999969482422,25.729999542236328,25.729999542236328,3898800
2018-01-26,25.700000762939453,26.059999465942383,25.559999465942383,26.040000915527344,26.040000915527344,2620400
2018-01-29,25.899999618530273,26.110000610351562,25.6200008392334,25.90999984741211,25.90999984741211,3469700
2018-01-30,25.68000030517578,26.079999923706055,24.84000015258789,24.969999313354492,24.969999313354492,6383500
2018-01-31,25.1200008392334,25.510000228881836,24.770000457763672,25.06999969482422,25.06999969482422,4630300
2018-02-01,24.920000076293945,25.600000381469727,24.899999618530273,25.280000686645508,25.280000686645508,4691300
2018-02-02,25.06999969482422,25.25,23.56999969482422,23.809999465942383,23.809999465942383,7838600
2018-02-05,23.639999389648438,23.84000015258789,22.739999771118164,22.780000686645508,22.780000686645508,9456100
2018-02-06,22.3799991607666,24.15999984741211,22.149999618530273,23.84000015258789,23.84000015258789,6550000
2018-02-07,23.889999389648438,24.489999771118164,22.809999465942383,23.1200008392334,23.1200008392334,5371800
2018-02-08,23.1200008392334,23.8799991607666,22.860000610351562,22.8700008392334,22.8700008392334,5046900
2018-02-09,22.81999969482422,22.979999542236328,21.3700008392334,22.610000610351562,22.610000610351562,6930400
2018-02-12,22.690000534057617,23.520000457763672,22.540000915527344,23.09000015258789,23.09000015258789,3822100
2018-02-13,22.959999084472656,23.6299991607666,22.8799991607666,23.530000686645508,23.530000686645508,3807000
2018-02-14,23.260000228881836,23.8700008392334,23.260000228881836,23.829999923706055,23.829999923706055,4356400
2018-02-15,24.049999237060547,24.1200008392334,23.65999984741211,24.040000915527344,24.040000915527344,3789100
2018-02-16,23.989999771118164,24.1299991607666,23.700000762939453,23.860000610351562,23.860000610351562,2951400
2018-02-20,23.93000030517578,24.709999084472656,23.889999389648438,24.309999465942383,24.309999465942383,4468400
2018-02-21,24.209999084472656,24.540000915527344,24.06999969482422,24.09000015258789,24.09000015258789,3759700
2018-02-22,24.18000030517578,24.5,23.75,23.799999237060547,23.799999237060547,3738700
2018-02-23,23.889999389648438,24.100000381469727,23.56999969482422,24.010000228881836,24.010000228881836,3070800
2018-02-26,24.040000915527344,25.25,23.950000762939453,25.170000076293945,25.170000076293945,7395200
2018-02-27,25.209999084472656,26.670000076293945,24.299999237060547,26.040000915527344,26.040000915527344,10644300
2018-02-28,25.290000915527344,25.399999618530273,24.299999237060547,24.31999969482422,24.31999969482422,15719900
2018-03-01,24.489999771118164,24.709999084472656,23.829999923706055,24.059999465942383,24.059999465942383,5712700
2018-03-02,23.850000381469727,24.739999771118164,23.829999923706055,24.670000076293945,24.670000076293945,6557400
2018-03-05,24.420000076293945,24.850000381469727,24.309999465942383,24.540000915527344,24.540000915527344,5975800
2018-03-06,24.690000534057617,24.799999237060547,24.1200008392334,24.420000076293945,24.420000076293945,5445400
2018-03-07,24.219999313354492,24.229999542236328,22.959999084472656,23.940000534057617,23.940000534057617,9295100
2018-03-08,24.030000686645508,24.15999984741211,23.600000381469727,23.959999084472656,23.959999084472656,5158100
2018-03-09,24.18000030517578,24.5,23.90999984741211,24.190000534057617,24.190000534057617,5069400
2018-03-12,24.450000762939453,24.610000610351562,24.229999542236328,24.420000076293945,24.420000076293945,3819800
2018-03-13,24.440000534057617,24.829999923706055,24.170000076293945,24.25,24.25,4611200
2018-03-14,24.1299991607666,24.309999465942383,23.829999923706055,24.06999969482422,24.06999969482422,3088000
2018-03-15,24.030000686645508,24.030000686645508,23.270000457763672,23.399999618530273,23.399999618530273,5132000
2018-03-16,23.530000686645508,23.700000762939453,23.209999084472656,23.209999084472656,23.209999084472656,5272400
2018-03-19,23.149999618530273,23.229999542236328,22.6200008392334,22.950000762939453,22.950000762939453,3863000
2018-03-20,22.959999084472656,23.09000015258789,21.760000228881836,21.989999771118164,21.989999771118164,7741300
2018-03-21,22.0,22.479999542236328,21.93000030517578,22.15999984741211,22.15999984741211,7385700
2018-03-22,22.209999084472656,22.350000381469727,21.389999389648438,21.520000457763672,21.520000457763672,11906300
2018-03-23,21.540000915527344,21.719999313354492,21.030000686645508,21.079999923706055,21.079999923706055,5049400
2018-03-26,21.3700008392334,21.809999465942383,20.979999542236328,21.739999771118164,21.739999771118164,9728400
2018-03-27,21.719999313354492,22.200000762939453,21.549999237060547,21.68000030517578,21.68000030517578,4162500
2018-03-28,21.670000076293945,21.93000030517578,21.06999969482422,21.170000076293945,21.170000076293945,4578900
2018-03-29,21.209999084472656,21.610000610351562,20.979999542236328,21.43000030517578,21.43000030517578,6121100
2018-04-02,21.65999984741211,22.1200008392334,21.450000762939453,21.579999923706055,21.579999923706055,6425400
2018-04-03,21.729999542236328,22.040000915527344,21.420000076293945,22.030000686645508,22.030000686645508,4369200
2018-04-04,21.690000534057617,22.600000381469727,21.6200008392334,22.540000915527344,22.540000915527344,4248700
2018-04-05,22.649999618530273,22.75,22.420000076293945,22.6299991607666,22.6299991607666,4301600
2018-04-06,22.65999984741211,23.049999237060547,22.399999618530273,22.6200008392334,22.6200008392334,5525400
2018-04-09,22.790000915527344,22.90999984741211,22.479999542236328,22.530000686645508,22.530000686645508,2543800
2018-04-10,22.809999465942383,22.920000076293945,22.56999969482422,22.600000381469727,22.600000381469727,4071300
2018-04-11,22.40999984741211,22.6200008392334,22.229999542236328,22.549999237060547,22.549999237060547,6434800
2018-04-12,22.719999313354492,23.260000228881836,22.510000228881836,23.18000030517578,23.18000030517578,5765000
2018-04-13,23.1200008392334,23.350000381469727,22.709999084472656,22.829999923706055,22.829999923706055,4972900
2018-04-16,22.899999618530273,23.469999313354492,22.459999084472656,23.399999618530273,23.399999618530273,4079000
2018-04-17,23.670000076293945,23.899999618530273,23.399999618530273,23.770000457763672,23.770000457763672,4227800
2018-04-18,23.860000610351562,24.09000015258789,23.489999771118164,23.510000228881836,23.510000228881836,3467900
2018-04-19,23.6200008392334,23.729999542236328,23.260000228881836,23.3799991607666,23.3799991607666,3914900
2018-04-20,23.530000686645508,23.719999313354492,22.959999084472656,23.15999984741211,23.15999984741211,5190100
2018-04-23,23.190000534057617,23.889999389648438,23.06999969482422,23.770000457763672,23.770000457763672,5198000
2018-04-24,24.479999542236328,24.75,23.81999969482422,23.940000534057617,23.940000534057617,5833300
2018-04-25,23.90999984741211,24.229999542236328,23.649999618530273,24.100000381469727,24.100000381469727,4580300
2018-04-26,24.100000381469727,24.239999771118164,23.8700008392334,24.149999618530273,24.149999618530273,4454300
2018-04-27,24.200000762939453,24.25,23.770000457763672,23.950000762939453,23.950000762939453,5760300
2018-04-30,24.0,24.020000457763672,23.6299991607666,23.649999618530273,23.649999618530273,3933600
2018-05-01,23.8799991607666,24.190000534057617,23.68000030517578,24.010000228881836,24.010000228881836,4865000
2018-05-02,23.93000030517578,24.299999237060547,23.579999923706055,23.579999923706055,23.579999923706055,7724800
2018-05-03,23.739999771118164,23.739999771118164,22.610000610351562,22.8700008392334,22.8700008392334,9229900
2018-05-04,22.780000686645508,23.43000030517578,22.780000686645508,23.15999984741211,23.15999984741211,7838100
2018-05-07,23.280000686645508,23.40999984741211,23.079999923706055,23.389999389648438,23.389999389648438,5459700
2018-05-08,23.809999465942383,24.799999237060547,22.829999923706055,23.049999237060547,23.049999237060547,10834900
2018-05-09,23.040000915527344,23.209999084472656,22.260000228881836,22.280000686645508,22.280000686645508,8226500
2018-05-10,22.360000610351562,23.84000015258789,22.200000762939453,23.81999969482422,23.81999969482422,7515700
2018-05-11,23.84000015258789,24.219999313354492,23.59000015258789,24.030000686645508,24.030000686645508,6370100
2018-05-14,24.0,24.030000686645508,23.459999084472656,23.829999923706055,23.829999923706055,6634400
2018-05-15,23.700000762939453,23.829999923706055,22.829999923706055,22.959999084472656,22.959999084472656,5618200
2018-05-16,23.020000457763672,23.899999618530273,22.68000030517578,23.690000534057617,23.690000534057617,7616800
2018-05-17,23.690000534057617,23.690000534057617,22.799999237060547,23.020000457763672,23.020000457763672,7260400
2018-05-18,22.8799991607666,23.0,22.399999618530273,22.56999969482422,22.56999969482422,5861100
2018-05-21,22.700000762939453,22.889999389648438,22.530000686645508,22.6299991607666,22.6299991607666,3717100
2018-05-22,22.709999084472656,23.360000610351562,22.520000457763672,23.15999984741211,23.15999984741211,4489200
2018-05-23,23.110000610351562,23.18000030517578,22.299999237060547,22.56999969482422,22.56999969482422,3726200
2018-05-24,22.559999465942383,22.610000610351562,22.1200008392334,22.479999542236328,22.479999542236328,3541300
2018-05-25,22.440000534057617,22.540000915527344,22.239999771118164,22.34000015258789,22.34000015258789,2153400
2018-05-29,22.239999771118164,22.260000228881836,21.68000030517578,21.899999618530273,21.899999618530273,3358300
2018-05-30,22.040000915527344,22.040000915527344,21.389999389648438,21.399999618530273,21.399999618530273,5103200
2018-05-31,21.40999984741211,21.420000076293945,20.600000381469727,21.09000015258789,21.09000015258789,7977000
2018-06-01,21.18000030517578,21.260000228881836,20.739999771118164,20.950000762939453,20.950000762939453,6303600
2018-06-04,21.270000457763672,21.5,20.690000534057617,21.09000015258789,21.09000015258789,6746100
2018-06-05,21.520000457763672,22.25,21.450000762939453,21.739999771118164,21.739999771118164,6744400
2018-06-06,21.690000534057617,22.420000076293945,21.229999542236328,22.360000610351562,22.360000610351562,6774500
2018-06-07,22.270000457763672,22.8700008392334,22.190000534057617,22.770000457763672,22.770000457763672,5757700
2018-06-08,22.649999618530273,23.1200008392334,22.649999618530273,23.020000457763672,23.020000457763672,5564400
2018-06-11,23.010000228881836,24.3700008392334,22.959999084472656,23.889999389648438,23.889999389648438,6169900
2018-06-12,23.90999984741211,24.09000015258789,23.65999984741211,24.020000457763672,24.020000457763672,5841000
2018-06-13,24.8799991607666,25.290000915527344,24.389999389648438,24.40999984741211,24.40999984741211,10595900
2018-06-14,24.68000030517578,25.510000228881836,24.610000610351562,25.5,25.5,5015100
2018-06-15,25.780000686645508,27.25,25.520000457763672,27.170000076293945,27.170000076293945,12567100
2018-06-18,26.690000534057617,27.31999969482422,26.18000030517578,27.209999084472656,27.209999084472656,7719500
2018-06-19,27.010000228881836,27.610000610351562,26.790000915527344,27.549999237060547,27.549999237060547,6021400
2018-06-20,27.600000381469727,28.43000030517578,27.399999618530273,28.209999084472656,28.209999084472656,7444300
2018-06-21,28.290000915527344,28.290000915527344,27.59000015258789,27.940000534057617,27.940000534057617,6057800
2018-06-22,28.190000534057617,28.559999465942383,27.989999771118164,28.1200008392334,28.1200008392334,5448700
2018-06-25,27.979999542236328,28.440000534057617,27.68000030517578,28.100000381469727,28.100000381469727,5863300
2018-06-26,28.040000915527344,28.100000381469727,27.559999465942383,27.940000534057617,27.940000534057617,6799600
2018-06-27,28.100000381469727,28.610000610351562,27.899999618530273,28.190000534057617,28.190000534057617,4710700
2018-06-28,28.18000030517578,28.780000686645508,28.020000457763672,28.479999542236328,28.479999542236328,3670900
2018-06-29,28.559999465942383,28.559999465942383,27.489999771118164,27.5,27.5,4088000
2018-07-02,27.479999542236328,27.6299991607666,27.079999923706055,27.420000076293945,27.420000076293945,3969400
2018-07-03,27.600000381469727,27.68000030517578,27.190000534057617,27.360000610351562,27.360000610351562,1896800
2018-07-05,27.43000030517578,27.719999313354492,27.06999969482422,27.639999389648438,27.639999389648438,3882700
2018-07-06,27.610000610351562,28.15999984741211,27.40999984741211,27.8700008392334,27.8700008392334,2739500
2018-07-09,27.899999618530273,28.31999969482422,27.549999237060547,28.299999237060547,28.299999237060547,2781400
2018-07-10,28.209999084472656,28.469999313354492,27.700000762939453,28.399999618530273,28.399999618530273,3141400
2018-07-11,28.229999542236328,28.510000228881836,27.6200008392334,27.670000076293945,27.670000076293945,4688400
2018-07-12,27.770000457763672,28.030000686645508,27.510000228881836,27.559999465942383,27.559999465942383,2346300
2018-07-13,27.5,27.770000457763672,27.239999771118164,27.440000534057617,27.440000534057617,2833700
2018-07-16,27.510000228881836,27.719999313354492,27.110000610351562,27.350000381469727,27.350000381469727,2569100
2018-07-17,27.139999389648438,27.34000015258789,25.989999771118164,26.3799991607666,26.3799991607666,4731200
2018-07-18,26.440000534057617,26.860000610351562,26.360000610351562,26.579999923706055,26.579999923706055,2971300
2018-07-19,27.100000381469727,27.329999923706055,26.540000915527344,26.690000534057617,26.690000534057617,4411800
2018-07-20,26.600000381469727,26.670000076293945,26.280000686645508,26.579999923706055,26.579999923706055,2595600
2018-07-23,26.459999084472656,26.719999313354492,26.3799991607666,26.700000762939453,26.700000762939453,2214800
2018-07-24,26.920000076293945,26.920000076293945,26.030000686645508,26.06999969482422,26.06999969482422,2822300
2018-07-25,26.1200008392334,26.40999984741211,25.739999771118164,25.8700008392334,25.8700008392334,3270600
2018-07-26,26.0,26.780000686645508,25.989999771118164,26.25,26.25,2703500
2018-07-27,26.25,26.459999084472656,25.729999542236328,26.030000686645508,26.030000686645508,2494600
2018-07-30,26.030000686645508,26.5,25.959999084472656,26.149999618530273,26.149999618530273,2085700
2018-07-31,26.299999237060547,26.65999984741211,26.0,26.579999923706055,26.579999923706055,2802800
2018-08-01,26.389999389648438,26.549999237060547,25.90999984741211,26.219999313354492,26.219999313354492,2404500
2018-08-02,26.1299991607666,26.579999923706055,25.979999542236328,26.559999465942383,26.559999465942383,2786400
2018-08-03,26.3700008392334,27.15999984741211,26.3700008392334,27.059999465942383,27.059999465942383,3729100
2018-08-06,27.020000457763672,27.260000228881836,26.760000228881836,26.920000076293945,26.920000076293945,3913400
2018-08-07,26.09000015258789,26.100000381469727,24.719999313354492,25.549999237060547,25.549999237060547,8078600
2018-08-08,25.3799991607666,26.200000762939453,25.360000610351562,25.649999618530273,25.649999618530273,4608200
2018-08-09,25.780000686645508,26.559999465942383,25.510000228881836,26.100000381469727,26.100000381469727,3708400
2018-08-10,26.0,26.059999465942383,25.600000381469727,25.989999771118164,25.989999771118164,3048400
2018-08-13,26.010000228881836,26.329999923706055,25.670000076293945,25.889999389648438,25.889999389648438,2913900
2018-08-14,26.0,26.579999923706055,26.0,26.420000076293945,26.420000076293945,3913400
2018-08-15,26.299999237060547,26.34000015258789,25.889999389648438,26.059999465942383,26.059999465942383,3556700
2018-08-16,26.149999618530273,26.530000686645508,26.100000381469727,26.389999389648438,26.389999389648438,2855600
2018-08-17,26.43000030517578,27.010000228881836,26.290000915527344,26.950000762939453,26.950000762939453,3073800
2018-08-20,26.889999389648438,27.979999542236328,26.889999389648438,27.920000076293945,27.920000076293945,3919400
2018-08-21,28.59000015258789,29.719999313354492,28.260000228881836,29.549999237060547,29.549999237060547,6962400
2018-08-22,29.450000762939453,29.59000015258789,29.020000457763672,29.06999969482422,29.06999969482422,4106500
2018-08-23,29.059999465942383,29.09000015258789,28.610000610351562,28.790000915527344,28.790000915527344,2703000
2018-08-24,28.90999984741211,29.09000015258789,28.510000228881836,28.540000915527344,28.540000915527344,2015700
2018-08-27,28.540000915527344,28.950000762939453,28.399999618530273,28.770000457763672,28.770000457763672,2476100
2018-08-28,28.739999771118164,28.899999618530273,28.18000030517578,28.290000915527344,28.290000915527344,3364400
2018-08-29,28.3700008392334,28.59000015258789,27.719999313354492,28.34000015258789,28.34000015258789,2576600
2018-08-30,28.100000381469727,28.34000015258789,28.0,28.18000030517578,28.18000030517578,2069200
2018-08-31,27.889999389648438,28.280000686645508,27.65999984741211,27.829999923706055,27.829999923706055,2147700
2018-09-04,27.600000381469727,27.889999389648438,27.15999984741211,27.469999313354492,27.469999313354492,3176100
2018-09-05,27.540000915527344,27.93000030517578,27.40999984741211,27.459999084472656,27.459999084472656,5589100
2018-09-06,27.6299991607666,28.040000915527344,27.389999389648438,27.6200008392334,27.6200008392334,3231500
2018-09-07,27.520000457763672,28.239999771118164,27.31999969482422,27.950000762939453,27.950000762939453,3111800
2018-09-10,28.049999237060547,28.350000381469727,27.700000762939453,28.299999237060547,28.299999237060547,2586500
2018-09-11,28.290000915527344,28.81999969482422,26.040000915527344,28.510000228881836,28.510000228881836,2678500
2018-09-12,28.8700008392334,31.059999465942383,28.84000015258789,30.700000762939453,30.700000762939453,8430000
2018-09-13,30.889999389648438,32.16999816894531,30.81999969482422,31.84000015258789,31.84000015258789,8329300
2018-09-14,31.84000015258789,32.650001525878906,31.760000228881836,32.18000030517578,32.18000030517578,5743100
2018-09-17,32.25,32.369998931884766,31.790000915527344,32.02000045776367,32.02000045776367,3445900
2018-09-18,31.170000076293945,31.770000457763672,30.75,31.579999923706055,31.579999923706055,5192400
2018-09-19,31.760000228881836,32.20000076293945,31.549999237060547,32.04999923706055,32.04999923706055,3537500
2018-09-20,32.279998779296875,32.41999816894531,31.920000076293945,32.2599983215332,32.2599983215332,3311600
2018-09-21,32.41999816894531,32.52000045776367,31.760000228881836,31.799999237060547,31.799999237060547,4985200
2018-09-24,31.940000534057617,32.380001068115234,31.790000915527344,31.90999984741211,31.90999984741211,3200900
2018-09-25,31.8700008392334,32.220001220703125,31.489999771118164,31.549999237060547,31.549999237060547,3469500
2018-09-26,31.469999313354492,31.790000915527344,31.200000762939453,31.510000228881836,31.510000228881836,4793100
2018-09-27,31.6200008392334,32.08000183105469,31.40999984741211,31.90999984741211,31.90999984741211,2538700
2018-09-28,31.799999237060547,32.119998931884766,31.700000762939453,32.0,32.0,3009000
2018-10-01,32.15999984741211,32.650001525878906,32.0,32.41999816894531,32.41999816894531,4763700
2018-10-02,32.529998779296875,32.9900016784668,32.27000045776367,32.86000061035156,32.86000061035156,5166600
2018-10-03,33.16999816894531,33.650001525878906,32.709999084472656,33.31999969482422,33.31999969482422,3950600
2018-10-04,33.220001220703125,33.40999984741211,32.75,33.150001525878906,33.150001525878906,4463500
2018-10-05,33.04999923706055,34.060001373291016,32.900001525878906,32.93000030517578,32.93000030517578,5772700
2018-10-08,32.9900016784668,33.11000061035156,32.09000015258789,33.0099983215332,33.0099983215332,3542200
2018-10-09,33.02000045776367,33.02000045776367,32.31999969482422,32.36000061035156,32.36000061035156,3269100
2018-10-10,33.310001373291016,33.41999816894531,32.040000915527344,32.060001373291016,32.060001373291016,4888100
2018-10-11,31.940000534057617,32.09000015258789,30.59000015258789,31.020000457763672,31.020000457763672,4277500
2018-10-12,31.459999084472656,32.06999969482422,31.350000381469727,31.760000228881836,31.760000228881836,3479100
2018-10-15,31.780000686645508,32.5099983215332,31.700000762939453,32.29999923706055,32.29999923706055,3056400
2018-10-16,32.56999969482422,33.15999984741211,32.349998474121094,33.060001373291016,33.060001373291016,4360700
2018-10-17,33.150001525878906,33.4900016784668,32.810001373291016,33.04999923706055,33.04999923706055,4962800
2018-10-18,33.02000045776367,33.38999938964844,32.720001220703125,33.130001068115234,33.130001068115234,4871700
2018-10-19,33.34000015258789,33.7400016784668,32.36000061035156,33.400001525878906,33.400001525878906,4619800
2018-10-22,33.470001220703125,33.689998626708984,33.119998931884766,33.380001068115234,33.380001068115234,5151500
2018-10-23,33.029998779296875,33.09000015258789,32.119998931884766,32.779998779296875,32.779998779296875,4710800
2018-10-24,32.79999923706055,32.79999923706055,29.790000915527344,29.81999969482422,29.81999969482422,6777000
2018-10-25,30.40999984741211,31.510000228881836,30.18000030517578,30.940000534057617,30.940000534057617,5258600
2018-10-26,30.170000076293945,30.75,29.809999465942383,30.1299991607666,30.1299991607666,4136800
2018-10-29,30.780000686645508,31.440000534057617,29.829999923706055,30.360000610351562,30.360000610351562,4507300
2018-10-30,30.40999984741211,31.889999389648438,30.270000457763672,31.25,31.25,4244300
2018-10-31,31.649999618530273,32.779998779296875,31.260000228881836,32.38999938964844,32.38999938964844,3772500
2018-11-01,32.40999984741211,33.11000061035156,32.31999969482422,33.04999923706055,33.04999923706055,4224400
2018-11-02,33.130001068115234,33.779998779296875,32.06999969482422,32.310001373291016,32.310001373291016,4540500
2018-11-05,32.61000061035156,33.220001220703125,32.2599983215332,33.20000076293945,33.20000076293945,4340200
2018-11-06,33.2400016784668,33.470001220703125,32.88999938964844,33.290000915527344,33.290000915527344,3341300
2018-11-07,33.47999954223633,33.5,32.439998626708984,33.08000183105469,33.08000183105469,5708900
2018-11-08,33.689998626708984,34.88999938964844,33.25,33.79999923706055,33.79999923706055,6324900
2018-11-09,33.16999816894531,34.470001220703125,32.7400016784668,32.97999954223633,32.97999954223633,4345800
2018-11-12,33.150001525878906,33.290000915527344,32.310001373291016,32.40999984741211,32.40999984741211,2849300
2018-11-13,32.540000915527344,32.97999954223633,31.93000030517578,32.11000061035156,32.11000061035156,3371800
2018-11-14,32.380001068115234,32.65999984741211,31.700000762939453,31.920000076293945,31.920000076293945,5140700
2018-11-15,31.6299991607666,32.08000183105469,31.389999389648438,31.760000228881836,31.760000228881836,4002900
2018-11-16,31.5,31.770000457763672,30.850000381469727,31.440000534057617,31.440000534057617,4051700
2018-11-19,31.270000457763672,31.469999313354492,30.389999389648438,30.469999313354492,30.469999313354492,4231600
2018-11-20,30.079999923706055,30.219999313354492,29.1200008392334,29.510000228881836,29.510000228881836,4520500
2018-11-21,29.899999618530273,30.8799991607666,29.899999618530273,30.360000610351562,30.360000610351562,4268000
2018-11-23,30.34000015258789,30.600000381469727,29.780000686645508,30.43000030517578,30.43000030517578,1457200
2018-11-26,30.670000076293945,30.8700008392334,29.860000610351562,30.139999389648438,30.139999389648438,2822700
2018-11-27,30.059999465942383,30.389999389648438,29.93000030517578,30.1299991607666,30.1299991607666,2829600
2018-11-28,30.280000686645508,31.3799991607666,30.010000228881836,31.309999465942383,31.309999465942383,3262200
2018-11-29,31.229999542236328,31.8799991607666,31.010000228881836,31.6299991607666,31.6299991607666,3442100
2018-11-30,31.68000030517578,31.729999542236328,30.540000915527344,30.719999313354492,30.719999313354492,5420600
2018-12-03,30.59000015258789,30.719999313354492,27.709999084472656,28.200000762939453,28.200000762939453,13947700
2018-12-04,28.56999969482422,29.1299991607666,27.780000686645508,27.979999542236328,27.979999542236328,8598700
2018-12-06,27.610000610351562,29.170000076293945,27.559999465942383,29.149999618530273,29.149999618530273,6958600
2018-12-07,29.110000610351562,29.549999237060547,28.639999389648438,28.93000030517578,28.93000030517578,6862100
2018-12-10,28.8700008392334,29.06999969482422,27.65999984741211,28.3700008392334,28.3700008392334,4953200
2018-12-11,28.729999542236328,29.139999389648438,27.709999084472656,27.940000534057617,27.940000534057617,3560300
2018-12-12,28.420000076293945,28.84000015258789,28.25,28.3799991607666,28.3799991607666,4334500
2018-12-13,28.309999465942383,28.56999969482422,27.6299991607666,27.969999313354492,27.969999313354492,4386700
2018-12-14,27.780000686645508,28.43000030517578,27.59000015258789,27.969999313354492,27.969999313354492,4358300
2018-12-17,27.809999465942383,28.239999771118164,27.399999618530273,27.520000457763672,27.520000457763672,3995900
2018-12-18,27.6299991607666,27.84000015258789,26.719999313354492,26.899999618530273,26.899999618530273,4519800
2018-12-19,27.010000228881836,27.59000015258789,26.68000030517578,26.8799991607666,26.8799991607666,6556800
2018-12-20,26.700000762939453,26.889999389648438,25.510000228881836,25.860000610351562,25.860000610351562,6556700
2018-12-21,25.780000686645508,26.59000015258789,24.940000534057617,25.049999237060547,25.049999237060547,6623200
2018-12-24,24.809999465942383,25.049999237060547,24.3799991607666,24.469999313354492,24.469999313354492,2378200
2018-12-26,24.600000381469727,25.56999969482422,24.190000534057617,25.549999237060547,25.549999237060547,3324300
2018-12-27,25.0,25.079999923706055,23.790000915527344,24.780000686645508,24.780000686645508,3505800
2018-12-28,24.850000381469727,25.049999237060547,24.399999618530273,24.639999389648438,24.639999389648438,3404300
2018-12-31,24.920000076293945,24.93000030517578,24.09000015258789,24.739999771118164,24.739999771118164,4095800
2019-01-02,24.3700008392334,25.850000381469727,24.110000610351562,25.829999923706055,25.829999923706055,4595500
2019-01-03,25.469999313354492,25.950000762939453,24.969999313354492,25.68000030517578,25.68000030517578,4947900
2019-01-04,25.969999313354492,26.420000076293945,25.90999984741211,26.139999389648438,26.139999389648438,3856100
2019-01-07,26.09000015258789,26.829999923706055,25.799999237060547,26.530000686645508,26.530000686645508,4022900
2019-01-08,26.739999771118164,27.459999084472656,26.6200008392334,27.239999771118164,27.239999771118164,3447900
2019-01-09,27.3799991607666,27.700000762939453,27.200000762939453,27.280000686645508,27.280000686645508,3766400
2019-01-10,27.100000381469727,27.170000076293945,26.56999969482422,26.809999465942383,26.809999465942383,3311100
2019-01-11,26.6299991607666,27.280000686645508,26.5,27.1200008392334,27.1200008392334,2842100
2019-01-14,26.889999389648438,27.079999923706055,26.56999969482422,27.0,27.0,2963600
2019-01-15,27.110000610351562,27.389999389648438,26.979999542236328,27.100000381469727,27.100000381469727,1844900
2019-01-16,27.209999084472656,27.520000457763672,27.059999465942383,27.110000610351562,27.110000610351562,2475100
2019-01-17,27.049999237060547,27.479999542236328,26.950000762939453,27.299999237060547,27.299999237060547,2344600
2019-01-18,27.420000076293945,27.899999618530273,27.209999084472656,27.709999084472656,27.709999084472656,3268900
2019-01-22,27.600000381469727,27.729999542236328,26.440000534057617,26.600000381469727,26.600000381469727,3788000
2019-01-23,26.799999237060547,27.1299991607666,26.25,26.559999465942383,26.559999465942383,2646900
2019-01-24,26.65999984741211,27.510000228881836,26.420000076293945,27.31999969482422,27.31999969482422,4545100
2019-01-25,27.520000457763672,27.75,27.399999618530273,27.68000030517578,27.68000030517578,2697900
2019-01-28,27.399999618530273,27.84000015258789,27.229999542236328,27.790000915527344,27.790000915527344,2422300
2019-01-29,27.81999969482422,27.81999969482422,27.290000915527344,27.399999618530273,27.399999618530273,1671500
2019-01-30,27.0,27.25,25.079999923706055,26.739999771118164,26.739999771118164,10363500
2019-01-31,27.3799991607666,28.43000030517578,27.290000915527344,28.3799991607666,28.3799991607666,6690000
2019-02-01,28.5,28.780000686645508,28.020000457763672,28.559999465942383,28.559999465942383,3805600
2019-02-04,28.6200008392334,28.770000457763672,28.209999084472656,28.290000915527344,28.290000915527344,4164400
2019-02-05,28.3700008392334,29.59000015258789,28.299999237060547,29.040000915527344,29.040000915527344,4842600
2019-02-06,29.110000610351562,29.389999389648438,28.860000610351562,29.1200008392334,29.1200008392334,3521800
2019-02-07,28.979999542236328,29.209999084472656,28.209999084472656,28.639999389648438,28.639999389648438,3221800
2019-02-08,28.520000457763672,29.219999313354492,28.229999542236328,29.190000534057617,29.190000534057617,3036400
2019-02-11,29.350000381469727,29.350000381469727,28.440000534057617,28.639999389648438,28.639999389648438,3981000
2019-02-12,28.799999237060547,29.290000915527344,28.09000015258789,28.1299991607666,28.1299991607666,4687700
2019-02-13,28.100000381469727,28.450000762939453,27.969999313354492,28.31999969482422,28.31999969482422,4935700
2019-02-14,28.18000030517578,29.170000076293945,27.81999969482422,28.770000457763672,28.770000457763672,3820000
2019-02-15,29.09000015258789,29.40999984741211,28.8700008392334,29.299999237060547,29.299999237060547,3200000
2019-02-19,29.34000015258789,29.3700008392334,28.93000030517578,29.059999465942383,29.059999465942383,2351700
2019-02-20,29.020000457763672,29.290000915527344,28.799999237060547,29.09000015258789,29.09000015258789,1924900
2019-02-21,29.139999389648438,29.190000534057617,28.709999084472656,29.0,29.0,2593000
2019-02-22,29.010000228881836,29.469999313354492,28.950000762939453,29.209999084472656,29.209999084472656,2158600
2019-02-25,29.5,29.690000534057617,29.110000610351562,29.209999084472656,29.209999084472656,6414800
2019-02-26,28.110000610351562,28.690000534057617,26.860000610351562,28.389999389648438,28.389999389648438,9522300
2019-02-27,28.5,29.290000915527344,28.149999618530273,28.639999389648438,28.639999389648438,4971300
2019-02-28,28.6299991607666,29.0,28.459999084472656,28.899999618530273,28.899999618530273,5948800
2019-03-01,29.049999237060547,29.459999084472656,28.90999984741211,29.079999923706055,29.079999923706055,4019900
2019-03-04,29.110000610351562,29.420000076293945,28.479999542236328,28.780000686645508,28.780000686645508,3007900
2019-03-05,28.780000686645508,29.1200008392334,28.56999969482422,28.989999771118164,28.989999771118164,2395700
2019-03-06,29.290000915527344,29.6299991607666,28.700000762939453,28.809999465942383,28.809999465942383,2531100
2019-03-07,28.790000915527344,28.829999923706055,28.290000915527344,28.420000076293945,28.420000076293945,2156400
2019-03-08,28.280000686645508,28.950000762939453,28.260000228881836,28.920000076293945,28.920000076293945,2810000
2019-03-11,28.90999984741211,28.920000076293945,27.989999771118164,28.420000076293945,28.420000076293945,3289100
2019-03-12,28.489999771118164,28.540000915527344,28.219999313354492,28.3700008392334,28.3700008392334,3347800
2019-03-13,28.530000686645508,28.559999465942383,26.799999237060547,26.93000030517578,26.93000030517578,7269600
2019-03-14,27.100000381469727,27.530000686645508,26.75,27.43000030517578,27.43000030517578,5023800
2019-03-15,27.520000457763672,27.790000915527344,27.25,27.43000030517578,27.43000030517578,5391100
2019-03-18,27.299999237060547,27.93000030517578,27.1299991607666,27.229999542236328,27.229999542236328,3482000
2019-03-19,27.31999969482422,27.6200008392334,27.1200008392334,27.260000228881836,27.260000228881836,3304700
2019-03-20,27.06999969482422,27.139999389648438,26.100000381469727,26.690000534057617,26.690000534057617,6072100
2019-03-21,26.34000015258789,26.81999969482422,26.229999542236328,26.68000030517578,26.68000030517578,6061000
2019-03-22,26.559999465942383,26.8700008392334,26.079999923706055,26.670000076293945,26.670000076293945,4861500
2019-03-25,26.84000015258789,27.790000915527344,26.649999618530273,27.110000610351562,27.110000610351562,4043200
2019-03-26,27.209999084472656,28.100000381469727,27.100000381469727,27.639999389648438,27.639999389648438,4641000
2019-03-27,27.65999984741211,27.959999084472656,27.459999084472656,27.579999923706055,27.579999923706055,2636800
2019-03-28,27.600000381469727,27.8700008392334,26.8700008392334,26.90999984741211,26.90999984741211,1964000
2019-03-29,27.0,27.149999618530273,26.75,27.020000457763672,27.020000457763672,4493600
2019-04-01,27.469999313354492,28.06999969482422,27.399999618530273,27.75,27.75,4004200
2019-04-02,27.790000915527344,27.850000381469727,27.290000915527344,27.389999389648438,27.389999389648438,3380900
2019-04-03,27.579999923706055,28.149999618530273,27.350000381469727,27.8700008392334,27.8700008392334,3377500
2019-04-04,27.8700008392334,28.920000076293945,27.8700008392334,28.8799991607666,28.8799991607666,3607500
2019-04-05,29.0,29.90999984741211,28.989999771118164,29.479999542236328,29.479999542236328,4464100
2019-04-08,29.420000076293945,29.479999542236328,28.81999969482422,28.8700008392334,28.8700008392334,3871900
2019-04-09,28.889999389648438,28.969999313354492,28.579999923706055,28.84000015258789,28.84000015258789,2337500
2019-04-10,28.780000686645508,31.0,28.729999542236328,30.59000015258789,30.59000015258789,10635700
2019-04-11,30.780000686645508,31.34000015258789,30.059999465942383,30.190000534057617,30.190000534057617,6015700
2019-04-12,30.280000686645508,30.799999237060547,29.649999618530273,30.020000457763672,30.020000457763672,5015800
2019-04-15,29.950000762939453,30.219999313354492,29.860000610351562,30.049999237060547,30.049999237060547,2287700
2019-04-16,30.15999984741211,30.450000762939453,29.799999237060547,29.979999542236328,29.979999542236328,2084700
2019-04-17,30.100000381469727,30.59000015258789,30.0,30.40999984741211,30.40999984741211,2886100
2019-04-18,30.600000381469727,30.649999618530273,30.049999237060547,30.1299991607666,30.1299991607666,2685400
2019-04-22,30.1299991607666,30.1299991607666,28.850000381469727,29.1200008392334,29.1200008392334,3814000
2019-04-23,29.059999465942383,29.790000915527344,29.059999465942383,29.469999313354492,29.469999313354492,4026500
2019-04-24,28.850000381469727,30.520000457763672,28.850000381469727,30.3799991607666,30.3799991607666,4505700
2019-04-25,30.299999237060547,30.719999313354492,29.530000686645508,30.3700008392334,30.3700008392334,3674700
2019-04-26,30.399999618530273,31.530000686645508,30.3799991607666,31.510000228881836,31.510000228881836,4524600
2019-04-29,31.540000915527344,32.060001373291016,31.360000610351562,31.6299991607666,31.6299991607666,4569100
2019-04-30,31.649999618530273,31.850000381469727,30.719999313354492,30.899999618530273,30.899999618530273,4050600
2019-05-01,30.899999618530273,31.290000915527344,30.579999923706055,30.889999389648438,30.889999389648438,4534800
2019-05-02,31.729999542236328,31.850000381469727,28.84000015258789,29.260000228881836,29.260000228881836,8866700
2019-05-03,29.450000762939453,29.709999084472656,29.030000686645508,29.34000015258789,29.34000015258789,5192400
2019-05-06,28.989999771118164,29.450000762939453,28.700000762939453,29.139999389648438,29.139999389648438,3645700
2019-05-07,28.8799991607666,29.40999984741211,28.520000457763672,28.690000534057617,28.690000534057617,4053500
2019-05-08,28.549999237060547,29.110000610351562,28.450000762939453,28.920000076293945,28.920000076293945,6335600
2019-05-09,28.799999237060547,28.8799991607666,27.950000762939453,28.450000762939453,28.450000762939453,5160600
2019-05-10,28.399999618530273,28.5,27.739999771118164,28.459999084472656,28.459999084472656,5222900
2019-05-13,28.049999237060547,28.299999237060547,27.309999465942383,27.34000015258789,27.34000015258789,3771800
2019-05-14,27.3799991607666,28.020000457763672,27.3799991607666,27.739999771118164,27.739999771118164,3332800
2019-05-15,27.700000762939453,28.040000915527344,27.420000076293945,27.75,27.75,4904800
2019-05-16,27.93000030517578,28.010000228881836,27.5,27.8799991607666,27.8799991607666,5071500
2019-05-17,27.65999984741211,27.90999984741211,27.450000762939453,27.8700008392334,27.8700008392334,3423600
2019-05-20,27.649999618530273,27.709999084472656,27.149999618530273,27.309999465942383,27.309999465942383,3492800
2019-05-21,27.43000030517578,28.09000015258789,27.40999984741211,28.010000228881836,28.010000228881836,4551400
2019-05-22,27.940000534057617,28.079999923706055,27.389999389648438,27.420000076293945,27.420000076293945,3044700
2019-05-23,27.18000030517578,27.329999923706055,26.81999969482422,27.239999771118164,27.239999771118164,2755300
2019-05-24,27.420000076293945,27.469999313354492,26.979999542236328,27.139999389648438,27.139999389648438,2556200
2019-05-28,27.290000915527344,28.020000457763672,27.280000686645508,27.920000076293945,27.920000076293945,5389300
2019-05-29,27.739999771118164,28.100000381469727,27.229999542236328,27.469999313354492,27.469999313354492,3593800
2019-05-30,27.440000534057617,27.889999389648438,27.049999237060547,27.1299991607666,27.1299991607666,3128700
2019-05-31,27.170000076293945,27.700000762939453,27.030000686645508,27.260000228881836,27.260000228881836,3633600
2019-06-03,27.25,27.850000381469727,27.0,27.31999969482422,27.31999969482422,4131900
2019-06-04,27.559999465942383,28.690000534057617,27.559999465942383,28.6200008392334,28.6200008392334,4954600
2019-06-05,28.489999771118164,28.75,27.799999237060547,28.049999237060547,28.049999237060547,4172500
2019-06-06,28.06999969482422,28.420000076293945,28.0,28.3799991607666,28.3799991607666,2844600
2019-06-07,28.5,28.8799991607666,28.3799991607666,28.420000076293945,28.420000076293945,2563000
2019-06-10,28.520000457763672,28.68000030517578,28.18000030517578,28.25,28.25,2317500
2019-06-11,28.450000762939453,29.06999969482422,28.360000610351562,28.969999313354492,28.969999313354492,4220900
2019-06-12,29.0,29.540000915527344,28.8700008392334,29.229999542236328,29.229999542236328,2551600
2019-06-13,29.420000076293945,29.90999984741211,29.18000030517578,29.889999389648438,29.889999389648438,4069300
2019-06-14,29.350000381469727,29.40999984741211,28.889999389648438,29.020000457763672,29.020000457763672,5004700
2019-06-17,29.110000610351562,29.649999618530273,28.639999389648438,29.520000457763672,29.520000457763672,2808500
2019-06-18,29.649999618530273,29.969999313354492,29.420000076293945,29.649999618530273,29.649999618530273,4151900
2019-06-19,29.81999969482422,30.600000381469727,29.729999542236328,30.5,30.5,3949800
2019-06-20,30.6299991607666,30.979999542236328,30.43000030517578,30.93000030517578,30.93000030517578,3931100
2019-06-21,30.8799991607666,31.059999465942383,30.559999465942383,30.690000534057617,30.690000534057617,5349500
2019-06-24,30.6299991607666,31.040000915527344,30.520000457763672,31.010000228881836,31.010000228881836,2859200
2019-06-25,31.1200008392334,31.1200008392334,29.75,29.93000030517578,29.93000030517578,4453100
2019-06-26,30.020000457763672,30.229999542236328,29.489999771118164,29.520000457763672,29.520000457763672,3711900
2019-06-27,29.59000015258789,29.799999237060547,29.18000030517578,29.739999771118164,29.739999771118164,2068900
2019-06-28,29.979999542236328,30.729999542236328,29.860000610351562,30.700000762939453,30.700000762939453,3747500
2019-07-01,31.059999465942383,31.239999771118164,30.3700008392334,30.68000030517578,30.68000030517578,3804500
2019-07-02,30.729999542236328,31.18000030517578,30.559999465942383,30.8799991607666,30.8799991607666,3813600
2019-07-03,31.020000457763672,31.309999465942383,30.809999465942383,30.899999618530273,30.899999618530273,1680800
2019-07-05,30.709999084472656,31.309999465942383,30.610000610351562,31.260000228881836,31.260000228881836,1967800
2019-07-08,31.25,31.329999923706055,30.989999771118164,31.299999237060547,31.299999237060547,2533200
2019-07-09,31.149999618530273,31.93000030517578,31.139999389648438,31.6299991607666,31.6299991607666,3252600
2019-07-10,31.8700008392334,31.93000030517578,31.229999542236328,31.649999618530273,31.649999618530273,3323000
2019-07-11,31.799999237060547,31.81999969482422,31.43000030517578,31.6200008392334,31.6200008392334,3289100
2019-07-12,31.719999313354492,32.70000076293945,31.5,32.40999984741211,32.40999984741211,4959300
2019-07-15,32.529998779296875,32.709999084472656,32.18000030517578,32.380001068115234,32.380001068115234,15071500
2019-07-16,32.439998626708984,32.869998931884766,32.2400016784668,32.56999969482422,32.56999969482422,4304100
2019-07-17,32.52000045776367,32.529998779296875,31.780000686645508,31.799999237060547,31.799999237060547,1861500
2019-07-18,31.799999237060547,31.799999237060547,31.18000030517578,31.31999969482422,31.31999969482422,2349700
2019-07-19,31.3799991607666,31.649999618530273,31.260000228881836,31.459999084472656,31.459999084472656,1993700
2019-07-22,31.459999084472656,31.6200008392334,30.93000030517578,30.979999542236328,30.979999542236328,2364500
2019-07-23,31.030000686645508,31.1299991607666,30.329999923706055,30.889999389648438,30.889999389648438,3757100
2019-07-24,30.709999084472656,31.559999465942383,30.43000030517578,31.489999771118164,31.489999771118164,3706900
2019-07-25,31.280000686645508,31.579999923706055,31.1299991607666,31.459999084472656,31.459999084472656,2631300
2019-07-26,31.540000915527344,31.690000534057617,31.200000762939453,31.469999313354492,31.469999313354492,2806700
2019-07-29,31.5,31.549999237060547,30.93000030517578,31.079999923706055,31.079999923706055,2508500
2019-07-30,30.8700008392334,31.110000610351562,30.6299991607666,31.020000457763672,31.020000457763672,4336800
2019-07-31,30.940000534057617,31.049999237060547,30.030000686645508,30.309999465942383,30.309999465942383,4103100
2019-08-01,30.280000686645508,30.6200008392334,29.729999542236328,29.940000534057617,29.940000534057617,3718700
2019-08-02,29.790000915527344,29.940000534057617,28.729999542236328,29.43000030517578,29.43000030517578,5964800
2019-08-05,28.829999923706055,29.40999984741211,28.649999618530273,29.18000030517578,29.18000030517578,7176500
2019-08-06,29.969999313354492,30.229999542236328,29.200000762939453,29.540000915527344,29.540000915527344,5895300
2019-08-07,29.34000015258789,29.950000762939453,28.889999389648438,29.860000610351562,29.860000610351562,5531900
2019-08-08,29.989999771118164,30.290000915527344,29.479999542236328,29.670000076293945,29.670000076293945,3685100
2019-08-09,29.489999771118164,29.610000610351562,29.030000686645508,29.459999084472656,29.459999084472656,3134900
2019-08-12,29.229999542236328,29.6200008392334,29.200000762939453,29.25,29.25,3522300
2019-08-13,29.1200008392334,30.229999542236328,29.1200008392334,29.600000381469727,29.600000381469727,4308300
2019-08-14,29.170000076293945,29.200000762939453,27.360000610351562,27.489999771118164,27.489999771118164,7318600
2019-08-15,27.56999969482422,27.700000762939453,26.700000762939453,27.170000076293945,27.170000076293945,7293100
2019-08-16,27.389999389648438,28.1200008392334,27.280000686645508,27.950000762939453,27.950000762939453,3017800
2019-08-19,28.260000228881836,28.770000457763672,28.260000228881836,28.420000076293945,28.420000076293945,2958500
2019-08-20,28.489999771118164,28.6200008392334,28.18000030517578,28.209999084472656,28.209999084472656,2205200
2019-08-21,27.940000534057617,28.440000534057617,27.65999984741211,28.280000686645508,28.280000686645508,2688400
2019-08-22,28.329999923706055,28.600000381469727,28.030000686645508,28.030000686645508,28.030000686645508,2636500
2019-08-23,27.889999389648438,28.079999923706055,26.8799991607666,27.010000228881836,27.010000228881836,3137500
2019-08-26,27.1299991607666,27.479999542236328,27.049999237060547,27.200000762939453,27.200000762939453,3269400
2019-08-27,27.489999771118164,27.489999771118164,26.440000534057617,26.469999313354492,26.469999313354492,3259700
2019-08-28,26.329999923706055,27.030000686645508,26.209999084472656,26.940000534057617,26.940000534057617,4328000
2019-08-29,27.190000534057617,28.1200008392334,27.190000534057617,27.729999542236328,27.729999542236328,3727300
2019-08-30,27.84000015258789,28.1200008392334,27.399999618530273,27.600000381469727,27.600000381469727,3163900
2019-09-03,27.31999969482422,27.510000228881836,26.729999542236328,26.889999389648438,26.889999389648438,5009000
2019-09-04,27.079999923706055,27.360000610351562,26.56999969482422,27.040000915527344,27.040000915527344,4598100
2019-09-05,27.329999923706055,27.520000457763672,27.139999389648438,27.399999618530273,27.399999618530273,2984600
2019-09-06,27.510000228881836,27.93000030517578,27.31999969482422,27.34000015258789,27.34000015258789,2166500
2019-09-09,27.31999969482422,27.649999618530273,27.209999084472656,27.299999237060547,27.299999237060547,3901400
2019-09-10,27.34000015258789,28.459999084472656,27.34000015258789,28.43000030517578,28.43000030517578,4404400
2019-09-11,28.3700008392334,28.579999923706055,27.739999771118164,28.549999237060547,28.549999237060547,3260800
2019-09-12,28.489999771118164,28.540000915527344,27.600000381469727,28.110000610351562,28.110000610351562,3530900
2019-09-13,28.200000762939453,28.6299991607666,27.829999923706055,27.889999389648438,27.889999389648438,2909700
2019-09-16,27.8799991607666,27.969999313354492,27.559999465942383,27.969999313354492,27.969999313354492,1925600
2019-09-17,27.799999237060547,27.829999923706055,26.799999237060547,27.200000762939453,27.200000762939453,6628300
2019-09-18,27.049999237060547,27.25,26.489999771118164,27.209999084472656,27.209999084472656,5576600
2019-09-19,27.229999542236328,27.459999084472656,26.59000015258789,26.670000076293945,26.670000076293945,3122600
2019-09-20,26.829999923706055,26.829999923706055,26.219999313354492,26.229999542236328,26.229999542236328,4448800
2019-09-23,26.190000534057617,26.6200008392334,25.899999618530273,26.579999923706055,26.579999923706055,2991600
2019-09-24,27.1200008392334,27.1200008392334,26.1200008392334,26.420000076293945,26.420000076293945,4319200
2019-09-25,26.360000610351562,26.920000076293945,26.219999313354492,26.690000534057617,26.690000534057617,4245900
2019-09-26,26.760000228881836,26.760000228881836,26.079999923706055,26.459999084472656,26.459999084472656,4333900
2019-09-27,26.520000457763672,26.899999618530273,26.34000015258789,26.799999237060547,26.799999237060547,4577300
2019-09-30,26.860000610351562,27.100000381469727,26.59000015258789,26.6299991607666,26.6299991607666,2746000
2019-10-01,26.6200008392334,27.040000915527344,26.579999923706055,26.770000457763672,26.770000457763672,2819000
2019-10-02,26.600000381469727,26.639999389648438,25.950000762939453,26.43000030517578,26.43000030517578,3328000
2019-10-03,26.3799991607666,27.040000915527344,26.040000915527344,27.020000457763672,27.020000457763672,4646400
2019-10-04,27.049999237060547,27.239999771118164,26.829999923706055,27.010000228881836,27.010000228881836,3453700
2019-10-07,27.010000228881836,27.6299991607666,26.8700008392334,27.3799991607666,27.3799991607666,2888100
2019-10-08,27.1299991607666,27.229999542236328,26.809999465942383,26.829999923706055,26.829999923706055,3623400
2019-10-09,26.950000762939453,27.270000457763672,26.84000015258789,27.010000228881836,27.010000228881836,2733800
2019-10-10,27.010000228881836,27.469999313354492,26.959999084472656,27.350000381469727,27.350000381469727,2341400
2019-10-11,27.649999618530273,28.209999084472656,27.559999465942383,27.969999313354492,27.969999313354492,2666500
2019-10-14,27.850000381469727,27.93000030517578,27.530000686645508,27.75,27.75,2112200
2019-10-15,27.829999923706055,28.059999465942383,27.389999389648438,27.860000610351562,27.860000610351562,2537400
2019-10-16,27.780000686645508,28.170000076293945,27.450000762939453,27.799999237060547,27.799999237060547,3001500
2019-10-17,28.010000228881836,28.010000228881836,27.219999313354492,27.889999389648438,27.889999389648438,2592500
2019-10-18,28.1299991607666,28.43000030517578,27.68000030517578,27.709999084472656,27.709999084472656,3224300
2019-10-21,27.84000015258789,28.09000015258789,27.610000610351562,27.690000534057617,27.690000534057617,2135200
2019-10-22,28.239999771118164,28.25,27.649999618530273,28.170000076293945,28.170000076293945,4608800
2019-10-23,28.030000686645508,28.31999969482422,27.8700008392334,28.15999984741211,28.15999984741211,2607500
2019-10-24,28.25,28.25,26.93000030517578,27.540000915527344,27.540000915527344,4256500
2019-10-25,27.600000381469727,28.040000915527344,27.440000534057617,27.56999969482422,27.56999969482422,2948600
2019-10-28,27.65999984741211,28.280000686645508,27.600000381469727,27.790000915527344,27.790000915527344,3583800
2019-10-29,27.799999237060547,27.799999237060547,27.350000381469727,27.420000076293945,27.420000076293945,2440800
2019-10-30,27.299999237060547,27.420000076293945,26.639999389648438,26.90999984741211,26.90999984741211,3987800
2019-10-31,26.899999618530273,26.959999084472656,26.540000915527344,26.959999084472656,26.959999084472656,3646200
2019-11-01,27.049999237060547,27.459999084472656,26.940000534057617,27.260000228881836,27.260000228881836,3402200
2019-11-04,27.510000228881836,27.850000381469727,27.149999618530273,27.809999465942383,27.809999465942383,3279200
2019-11-05,27.959999084472656,28.350000381469727,27.770000457763672,27.950000762939453,27.950000762939453,4070300
2019-11-06,28.049999237060547,28.139999389648438,27.610000610351562,27.690000534057617,27.690000534057617,5049800
2019-11-07,28.719999313354492,31.09000015258789,28.329999923706055,31.030000686645508,31.030000686645508,9685600
2019-11-08,30.979999542236328,31.299999237060547,30.420000076293945,30.90999984741211,30.90999984741211,8144400
2019-11-11,30.850000381469727,31.020000457763672,30.610000610351562,30.959999084472656,30.959999084472656,4580300
2019-11-12,30.829999923706055,31.3799991607666,30.540000915527344,30.739999771118164,30.739999771118164,2686600
2019-11-13,30.540000915527344,30.760000228881836,29.68000030517578,29.8799991607666,29.8799991607666,5916700
2019-11-14,29.739999771118164,30.260000228881836,29.649999618530273,29.899999618530273,29.899999618530273,4132100
2019-11-15,30.0,30.239999771118164,29.610000610351562,29.719999313354492,29.719999313354492,4881200
2019-11-18,30.280000686645508,30.899999618530273,29.969999313354492,30.760000228881836,30.760000228881836,7963700
2019-11-19,30.899999618530273,31.639999389648438,30.739999771118164,31.56999969482422,31.56999969482422,4688900
2019-11-20,31.600000381469727,32.439998626708984,31.389999389648438,32.02000045776367,32.02000045776367,6203600
2019-11-21,32.06999969482422,32.58000183105469,31.530000686645508,32.13999938964844,32.13999938964844,6268300
2019-11-22,32.16999816894531,32.61000061035156,32.0,32.529998779296875,32.529998779296875,4801200
2019-11-25,32.599998474121094,32.66999816894531,32.15999984741211,32.33000183105469,32.33000183105469,3510600
2019-11-26,32.209999084472656,33.56999969482422,32.040000915527344,33.36000061035156,33.36000061035156,8385000
2019-11-27,33.470001220703125,33.65999984741211,32.900001525878906,33.119998931884766,33.119998931884766,3674600
2019-11-29,33.150001525878906,33.22999954223633,32.83000183105469,32.939998626708984,32.939998626708984,1059200
2019-12-02,32.880001068115234,33.400001525878906,32.70000076293945,32.7400016784668,32.7400016784668,6239000
2019-12-03,32.34000015258789,32.56999969482422,31.850000381469727,32.130001068115234,32.130001068115234,4364300
2019-12-04,32.27000045776367,32.58000183105469,32.099998474121094,32.20000076293945,32.20000076293945,2805200
2019-12-05,32.47999954223633,32.47999954223633,32.0,32.08000183105469,32.08000183105469,3114000
2019-12-06,32.290000915527344,32.400001525878906,31.989999771118164,32.040000915527344,32.040000915527344,2181700
2019-12-09,31.979999542236328,32.290000915527344,31.8700008392334,32.02000045776367,32.02000045776367,1745400
2019-12-10,32.08000183105469,32.630001068115234,31.850000381469727,32.2400016784668,32.2400016784668,3972800
2019-12-11,32.20000076293945,32.529998779296875,32.040000915527344,32.09000015258789,32.09000015258789,2524000
2019-12-12,32.09000015258789,32.5,31.979999542236328,32.36000061035156,32.36000061035156,2068100
2019-12-13,32.52000045776367,32.66999816894531,32.130001068115234,32.34000015258789,32.34000015258789,2694000
2019-12-16,32.369998931884766,32.58000183105469,32.040000915527344,32.349998474121094,32.349998474121094,2288000
2019-12-17,32.189998626708984,32.4900016784668,32.04999923706055,32.369998931884766,32.369998931884766,2443400
2019-12-18,32.33000183105469,32.86000061035156,32.31999969482422,32.349998474121094,32.349998474121094,2635300
2019-12-19,32.459999084472656,32.90999984741211,32.439998626708984,32.7599983215332,32.7599983215332,2561600
2019-12-20,32.93000030517578,33.11000061035156,32.38999938964844,32.95000076293945,32.95000076293945,3227200
2019-12-23,32.88999938964844,33.18000030517578,32.779998779296875,32.900001525878906,32.900001525878906,3411100
2019-12-24,33.0,33.25,32.880001068115234,33.029998779296875,33.029998779296875,796300
2019-12-26,33.119998931884766,33.31999969482422,32.93000030517578,33.279998779296875,33.279998779296875,1538400
2019-12-27,33.36000061035156,33.47999954223633,32.9900016784668,33.130001068115234,33.130001068115234,1579300
2019-12-30,33.16999816894531,33.349998474121094,32.70000076293945,32.7599983215332,32.7599983215332,1440000
2019-12-31,32.7400016784668,32.810001373291016,32.45000076293945,32.7400016784668,32.7400016784668,4029800
2020-01-02,32.81999969482422,32.84000015258789,32.0099983215332,32.220001220703125,32.220001220703125,3249300
2020-01-03,31.84000015258789,32.22999954223633,31.770000457763672,32.029998779296875,32.029998779296875,3599600
2020-01-06,31.829999923706055,32.08000183105469,31.56999969482422,31.959999084472656,31.959999084472656,2416900
2020-01-07,31.829999923706055,32.540000915527344,31.760000228881836,32.06999969482422,32.06999969482422,3102000
2020-01-08,32.0099983215332,32.38999938964844,31.959999084472656,32.11000061035156,32.11000061035156,3674100
2020-01-09,32.20000076293945,32.56999969482422,32.02000045776367,32.25,32.25,6465100
2020-01-10,32.290000915527344,32.290000915527344,31.739999771118164,31.850000381469727,31.850000381469727,4092000
2020-01-13,31.75,31.940000534057617,31.459999084472656,31.790000915527344,31.790000915527344,3618500
2020-01-14,31.780000686645508,31.989999771118164,31.649999618530273,31.899999618530273,31.899999618530273,3799500
2020-01-15,31.729999542236328,32.2400016784668,31.670000076293945,32.2400016784668,32.2400016784668,3134500
2020-01-16,32.31999969482422,32.869998931884766,32.25,32.77000045776367,32.77000045776367,4272700
2020-01-17,32.790000915527344,32.88999938964844,32.36000061035156,32.43000030517578,32.43000030517578,3296400
2020-01-21,32.31999969482422,32.38999938964844,31.850000381469727,31.969999313354492,31.969999313354492,3268200
2020-01-22,32.16999816894531,32.459999084472656,31.93000030517578,32.029998779296875,32.029998779296875,2400300
2020-01-23,31.93000030517578,32.029998779296875,30.399999618530273,30.450000762939453,30.450000762939453,7597700
2020-01-24,30.420000076293945,30.420000076293945,29.899999618530273,30.31999969482422,30.31999969482422,6040900
2020-01-27,30.0,30.399999618530273,29.889999389648438,30.200000762939453,30.200000762939453,3653300
2020-01-28,30.350000381469727,30.760000228881836,30.239999771118164,30.520000457763672,30.520000457763672,3693000
2020-01-29,30.420000076293945,30.559999465942383,29.59000015258789,29.700000762939453,29.700000762939453,5557600
2020-01-30,29.549999237060547,29.959999084472656,29.5,29.920000076293945,29.920000076293945,3519300
2020-01-31,29.809999465942383,30.079999923706055,29.06999969482422,29.260000228881836,29.260000228881836,3863200
2020-02-03,29.40999984741211,29.940000534057617,29.110000610351562,29.149999618530273,29.149999618530273,3865000
2020-02-04,29.440000534057617,29.799999237060547,29.350000381469727,29.739999771118164,29.739999771118164,4309700
2020-02-05,30.110000610351562,30.84000015258789,30.06999969482422,30.6299991607666,30.6299991607666,3434600
2020-02-06,30.809999465942383,30.8799991607666,29.90999984741211,30.049999237060547,30.049999237060547,3190800
2020-02-07,29.899999618530273,30.06999969482422,29.600000381469727,29.790000915527344,29.790000915527344,2607700
2020-02-10,29.65999984741211,29.860000610351562,29.40999984741211,29.829999923706055,29.829999923706055,4993900
2020-02-11,30.0,30.43000030517578,29.719999313354492,30.209999084472656,30.209999084472656,4671200
2020-02-12,30.579999923706055,30.600000381469727,29.850000381469727,30.350000381469727,30.350000381469727,3582700
2020-02-13,30.239999771118164,30.510000228881836,30.020000457763672,30.329999923706055,30.329999923706055,2513800
2020-02-14,30.420000076293945,30.479999542236328,30.010000228881836,30.209999084472656,30.209999084472656,3877300
2020-02-18,30.149999618530273,30.579999923706055,30.1299991607666,30.299999237060547,30.299999237060547,2385200
2020-02-19,30.299999237060547,30.770000457763672,30.110000610351562,30.479999542236328,30.479999542236328,3124400
2020-02-20,29.81999969482422,30.09000015258789,29.3799991607666,29.979999542236328,29.979999542236328,5705100
2020-02-21,29.809999465942383,29.889999389648438,29.1200008392334,29.209999084472656,29.209999084472656,4574600
2020-02-24,28.510000228881836,28.65999984741211,27.959999084472656,28.309999465942383,28.309999465942383,7157200
2020-02-25,28.34000015258789,28.5,27.040000915527344,27.420000076293945,27.420000076293945,8349800
2020-02-26,27.6299991607666,28.329999923706055,26.399999618530273,26.469999313354492,26.469999313354492,6230400
2020-02-27,25.389999389648438,25.389999389648438,23.889999389648438,24.670000076293945,24.670000076293945,17025100
2020-02-28,24.139999389648438,25.899999618530273,24.0,25.700000762939453,25.700000762939453,12545600
2020-03-02,25.889999389648438,26.43000030517578,24.940000534057617,26.399999618530273,26.399999618530273,8373200
2020-03-03,26.170000076293945,26.93000030517578,25.6200008392334,26.239999771118164,26.239999771118164,9827100
2020-03-04,26.479999542236328,26.520000457763672,25.760000228881836,26.510000228881836,26.510000228881836,6581000
2020-03-05,25.739999771118164,25.969999313354492,24.979999542236328,25.229999542236328,25.229999542236328,6480700
2020-03-06,24.34000015258789,25.559999465942383,24.25,25.440000534057617,25.440000534057617,6481800
2020-03-09,23.940000534057617,24.780000686645508,23.600000381469727,23.649999618530273,23.649999618530273,8612200
2020-03-10,24.479999542236328,25.09000015258789,23.530000686645508,25.079999923706055,25.079999923706055,6338600
2020-03-11,24.40999984741211,24.790000915527344,23.809999465942383,24.059999465942383,24.059999465942383,7673800
2020-03-12,22.610000610351562,22.770000457763672,20.8799991607666,22.280000686645508,22.280000686645508,6020300
2020-03-13,23.360000610351562,24.040000915527344,20.8799991607666,22.889999389648438,22.889999389648438,6133500
2020-03-16,19.8700008392334,21.239999771118164,19.290000915527344,20.6299991607666,20.6299991607666,6406400
2020-03-17,21.15999984741211,21.600000381469727,19.75,21.510000228881836,21.510000228881836,6561000
2020-03-18,20.110000610351562,20.809999465942383,17.700000762939453,19.8799991607666,19.8799991607666,7042400
2020-03-19,19.5,21.770000457763672,19.239999771118164,21.219999313354492,21.219999313354492,6371600
2020-03-20,21.399999618530273,21.969999313354492,18.56999969482422,18.760000228881836,18.760000228881836,6594900
2020-03-23,19.229999542236328,19.229999542236328,17.1200008392334,18.489999771118164,18.489999771118164,6725700
2020-03-24,19.450000762939453,21.100000381469727,18.850000381469727,20.030000686645508,20.030000686645508,7552300
2020-03-25,20.25,22.200000762939453,18.799999237060547,21.059999465942383,21.059999465942383,8722100
2020-03-26,21.59000015258789,22.079999923706055,20.06999969482422,20.93000030517578,20.93000030517578,6920700
2020-03-27,19.979999542236328,20.489999771118164,18.93000030517578,19.030000686645508,19.030000686645508,4376900
2020-03-30,18.790000915527344,20.170000076293945,18.100000381469727,20.010000228881836,20.010000228881836,4938100
2020-03-31,20.1200008392334,20.459999084472656,19.3700008392334,19.440000534057617,19.440000534057617,4748900
2020-04-01,18.760000228881836,20.010000228881836,18.549999237060547,19.450000762939453,19.450000762939453,7346300
2020-04-02,19.18000030517578,20.049999237060547,18.459999084472656,18.68000030517578,18.68000030517578,5788700
2020-04-03,18.549999237060547,18.920000076293945,17.690000534057617,18.360000610351562,18.360000610351562,4396200
2020-04-06,19.18000030517578,20.1299991607666,19.0,19.649999618530273,19.649999618530273,4996400
2020-04-07,20.899999618530273,21.75,20.520000457763672,20.670000076293945,20.670000076293945,6925000
2020-04-08,20.84000015258789,22.059999465942383,20.639999389648438,21.579999923706055,21.579999923706055,5039500
2020-04-09,22.270000457763672,22.75,21.989999771118164,22.31999969482422,22.31999969482422,4954600
2020-04-13,22.0,22.299999237060547,20.889999389648438,21.989999771118164,21.989999771118164,4384700
2020-04-14,22.049999237060547,22.790000915527344,22.0,22.299999237060547,22.299999237060547,3237200
2020-04-15,21.329999923706055,21.56999969482422,20.93000030517578,21.350000381469727,21.350000381469727,3826200
2020-04-16,21.40999984741211,21.610000610351562,20.639999389648438,21.469999313354492,21.469999313354492,3689000
2020-04-17,22.110000610351562,22.43000030517578,21.829999923706055,22.139999389648438,22.139999389648438,3620100
2020-04-20,21.520000457763672,22.31999969482422,21.459999084472656,21.700000762939453,21.700000762939453,3475600
2020-04-21,21.43000030517578,21.59000015258789,20.770000457763672,20.780000686645508,20.780000686645508,3079400
2020-04-22,21.25,21.420000076293945,20.309999465942383,20.3700008392334,20.3700008392334,3465700
2020-04-23,20.350000381469727,21.06999969482422,20.030000686645508,20.389999389648438,20.389999389648438,4573000
2020-04-24,20.5,21.170000076293945,20.110000610351562,21.020000457763672,21.020000457763672,4155500
2020-04-27,21.209999084472656,23.010000228881836,21.200000762939453,22.75,22.75,3895400
2020-04-28,23.25,23.93000030517578,22.84000015258789,23.420000076293945,23.420000076293945,5743800
2020-04-29,24.059999465942383,25.049999237060547,24.059999465942383,24.729999542236328,24.729999542236328,5105700
2020-04-30,23.799999237060547,24.350000381469727,21.860000610351562,22.420000076293945,22.420000076293945,8243700
2020-05-01,22.110000610351562,22.110000610351562,21.25,21.670000076293945,21.670000076293945,4044500
2020-05-04,21.329999923706055,21.969999313354492,20.920000076293945,21.8700008392334,21.8700008392334,5692300
2020-05-05,21.959999084472656,22.110000610351562,21.1299991607666,21.25,21.25,7110500
2020-05-06,21.600000381469727,21.790000915527344,20.200000762939453,20.850000381469727,20.850000381469727,11838600
2020-05-07,21.219999313354492,22.030000686645508,20.399999618530273,20.530000686645508,20.530000686645508,7390000
2020-05-08,21.030000686645508,21.510000228881836,20.790000915527344,21.09000015258789,21.09000015258789,6249500
2020-05-11,20.809999465942383,20.920000076293945,19.760000228881836,20.329999923706055,20.329999923706055,7499000
2020-05-12,20.3799991607666,20.530000686645508,19.75,19.780000686645508,19.780000686645508,6685200
2020-05-13,19.709999084472656,19.729999542236328,18.700000762939453,19.1299991607666,19.1299991607666,6004900
2020-05-14,18.8799991607666,20.559999465942383,18.559999465942383,20.540000915527344,20.540000915527344,12729100
2020-05-15,20.200000762939453,20.739999771118164,19.959999084472656,20.469999313354492,20.469999313354492,4705800
2020-05-18,21.1299991607666,21.6299991607666,20.93000030517578,21.280000686645508,21.280000686645508,5497000
2020-05-19,21.149999618530273,21.489999771118164,20.709999084472656,21.049999237060547,21.049999237060547,3934500
2020-05-20,21.40999984741211,21.780000686645508,21.0,21.170000076293945,21.170000076293945,3251900
2020-05-21,21.06999969482422,21.290000915527344,20.610000610351562,20.670000076293945,20.670000076293945,4314300
2020-05-22,20.75,20.950000762939453,20.209999084472656,20.299999237060547,20.299999237060547,4316600
2020-05-26,21.110000610351562,22.059999465942383,20.860000610351562,21.920000076293945,21.920000076293945,5659700
2020-05-27,22.260000228881836,23.100000381469727,22.06999969482422,22.6200008392334,22.6200008392334,6310900
2020-05-28,22.829999923706055,22.920000076293945,21.8799991607666,21.969999313354492,21.969999313354492,4259200
2020-05-29,21.610000610351562,21.8700008392334,21.040000915527344,21.75,21.75,5733800
2020-06-01,21.809999465942383,22.229999542236328,21.719999313354492,21.950000762939453,21.950000762939453,2886800
2020-06-02,22.34000015258789,22.3700008392334,21.760000228881836,21.829999923706055,21.829999923706055,4079400
2020-06-03,22.139999389648438,22.799999237060547,22.1299991607666,22.270000457763672,22.270000457763672,4604000
2020-06-04,22.229999542236328,23.1200008392334,21.809999465942383,23.09000015258789,23.09000015258789,4290800
2020-06-05,24.15999984741211,24.889999389648438,23.719999313354492,24.780000686645508,24.780000686645508,8410000
2020-06-08,25.09000015258789,26.270000457763672,25.040000915527344,26.149999618530273,26.149999618530273,8251400
2020-06-09,25.299999237060547,25.530000686645508,23.510000228881836,23.8799991607666,23.8799991607666,6824500
2020-06-10,23.770000457763672,23.889999389648438,22.729999542236328,23.170000076293945,23.170000076293945,4017200
2020-06-11,21.770000457763672,22.700000762939453,21.639999389648438,22.34000015258789,22.34000015258789,7020600
2020-06-12,23.18000030517578,23.219999313354492,21.3799991607666,22.06999969482422,22.06999969482422,6885900
2020-06-15,21.420000076293945,23.149999618530273,21.209999084472656,22.75,22.75,5444900
2020-06-16,23.530000686645508,23.690000534057617,21.440000534057617,22.260000228881836,22.260000228881836,7255200
2020-06-17,22.270000457763672,22.600000381469727,21.770000457763672,22.170000076293945,22.170000076293945,3807500
2020-06-18,21.969999313354492,22.6299991607666,21.81999969482422,22.520000457763672,22.520000457763672,2855900
2020-06-19,22.34000015258789,22.959999084472656,22.049999237060547,22.149999618530273,22.149999618530273,5102800
2020-06-22,21.8799991607666,21.969999313354492,21.020000457763672,21.84000015258789,21.84000015258789,6120100
2020-06-23,22.139999389648438,22.549999237060547,21.8799991607666,22.15999984741211,22.15999984741211,3504100
2020-06-24,21.920000076293945,21.920000076293945,21.09000015258789,21.719999313354492,21.719999313354492,4295300
2020-06-25,21.510000228881836,21.540000915527344,20.81999969482422,21.260000228881836,21.260000228881836,4238600
2020-06-26,21.020000457763672,21.170000076293945,19.950000762939453,20.260000228881836,20.260000228881836,5675800
2020-06-29,20.31999969482422,21.299999237060547,20.1299991607666,21.229999542236328,21.229999542236328,4740900
2020-06-30,21.18000030517578,21.329999923706055,20.81999969482422,21.100000381469727,21.100000381469727,3462400
2020-07-01,21.229999542236328,21.799999237060547,20.969999313354492,21.06999969482422,21.06999969482422,4210100
2020-07-02,21.510000228881836,21.75,20.700000762939453,20.790000915527344,20.790000915527344,3699200
2020-07-06,21.270000457763672,21.3700008392334,20.729999542236328,21.239999771118164,21.239999771118164,5097400
2020-07-07,21.040000915527344,21.06999969482422,20.270000457763672,20.360000610351562,20.360000610351562,3862500
2020-07-08,20.3799991607666,20.440000534057617,19.989999771118164,20.219999313354492,20.219999313354492,4261900
2020-07-09,20.209999084472656,20.229999542236328,19.110000610351562,19.25,19.25,6459800
2020-07-10,19.25,20.3700008392334,19.209999084472656,20.229999542236328,20.229999542236328,5275800
2020-07-13,20.360000610351562,20.93000030517578,19.709999084472656,20.520000457763672,20.520000457763672,6806300
2020-07-14,20.209999084472656,20.950000762939453,20.100000381469727,20.649999618530273,20.649999618530273,2873100
2020-07-15,20.920000076293945,22.049999237060547,20.90999984741211,21.780000686645508,21.780000686645508,6513600
2020-07-16,21.56999969482422,22.1200008392334,21.489999771118164,22.020000457763672,22.020000457763672,3763200
2020-07-17,21.770000457763672,22.219999313354492,21.3799991607666,21.420000076293945,21.420000076293945,2707500
2020-07-20,21.25,21.40999984741211,20.56999969482422,20.770000457763672,20.770000457763672,3975100
2020-07-21,20.950000762939453,21.440000534057617,20.829999923706055,20.979999542236328,20.979999542236328,2812000
2020-07-22,20.959999084472656,21.350000381469727,20.760000228881836,21.110000610351562,21.110000610351562,2178500
2020-07-23,21.139999389648438,21.559999465942383,21.020000457763672,21.350000381469727,21.350000381469727,2780900
2020-07-24,21.450000762939453,21.690000534057617,20.860000610351562,21.149999618530273,21.149999618530273,2344200
2020-07-27,21.1200008392334,21.170000076293945,20.639999389648438,20.8799991607666,20.8799991607666,1861400
2020-07-28,20.190000534057617,21.020000457763672,20.190000534057617,20.780000686645508,20.780000686645508,2604200
2020-07-29,20.8700008392334,21.100000381469727,20.6299991607666,21.0,21.0,1756100
2020-07-30,20.700000762939453,21.239999771118164,20.549999237060547,21.149999618530273,21.149999618530273,2603900
2020-07-31,21.059999465942383,21.1200008392334,20.690000534057617,21.100000381469727,21.100000381469727,2581900
2020-08-03,21.18000030517578,21.450000762939453,20.829999923706055,21.34000015258789,21.34000015258789,3774500
2020-08-04,21.479999542236328,22.549999237060547,21.299999237060547,22.010000228881836,22.010000228881836,6025100
2020-08-05,23.0,23.0,21.059999465942383,21.1200008392334,21.1200008392334,8065300
2020-08-06,21.100000381469727,21.790000915527344,21.06999969482422,21.6299991607666,21.6299991607666,6525200
2020-08-07,21.559999465942383,21.90999984741211,20.8799991607666,20.979999542236328,20.979999542236328,6863700
2020-08-10,21.100000381469727,21.84000015258789,21.100000381469727,21.780000686645508,21.780000686645508,4900600
2020-08-11,21.979999542236328,23.670000076293945,21.950000762939453,22.479999542236328,22.479999542236328,7525200
2020-08-12,22.799999237060547,22.84000015258789,21.809999465942383,21.81999969482422,21.81999969482422,3153400
2020-08-13,21.68000030517578,22.1200008392334,21.530000686645508,21.969999313354492,21.969999313354492,2462400
2020-08-14,21.93000030517578,22.729999542236328,21.850000381469727,22.6200008392334,22.6200008392334,2470100
2020-08-17,22.469999313354492,22.540000915527344,21.700000762939453,22.09000015258789,22.09000015258789,2614800
2020-08-18,22.139999389648438,22.290000915527344,21.940000534057617,22.059999465942383,22.059999465942383,2199000
2020-08-19,22.360000610351562,22.510000228881836,22.059999465942383,22.219999313354492,22.219999313354492,1967400
2020-08-20,22.020000457763672,22.3799991607666,21.889999389648438,22.1299991607666,22.1299991607666,2768000
2020-08-21,22.0,22.15999984741211,21.770000457763672,21.989999771118164,21.989999771118164,2042700
2020-08-24,21.940000534057617,22.8799991607666,21.889999389648438,22.809999465942383,22.809999465942383,3604400
2020-08-25,22.93000030517578,23.010000228881836,22.3799991607666,22.860000610351562,22.860000610351562,3359600
2020-08-26,22.889999389648438,23.049999237060547,22.56999969482422,22.770000457763672,22.770000457763672,2597200
2020-08-27,22.770000457763672,23.1200008392334,22.649999618530273,22.860000610351562,22.860000610351562,3296500
2020-08-28,22.8799991607666,22.979999542236328,22.690000534057617,22.8799991607666,22.8799991607666,3012800
2020-08-31,22.799999237060547,22.950000762939453,21.989999771118164,22.06999969482422,22.06999969482422,4060200
2020-09-01,22.040000915527344,22.040000915527344,21.270000457763672,21.420000076293945,21.420000076293945,4101100
2020-09-02,21.299999237060547,22.1299991607666,21.219999313354492,21.809999465942383,21.809999465942383,4066100
2020-09-03,21.969999313354492,22.68000030517578,21.459999084472656,21.639999389648438,21.639999389648438,5404400
2020-09-04,21.8799991607666,22.8799991607666,21.799999237060547,22.809999465942383,22.809999465942383,9453100
2020-09-08,22.56999969482422,23.200000762939453,22.43000030517578,22.5,22.5,5360100
2020-09-09,22.520000457763672,23.190000534057617,22.1200008392334,23.059999465942383,23.059999465942383,4488500
2020-09-10,23.229999542236328,23.799999237060547,23.229999542236328,23.450000762939453,23.450000762939453,5316900
2020-09-11,23.40999984741211,23.579999923706055,22.549999237060547,22.829999923706055,22.829999923706055,5007600
2020-09-14,23.0,23.889999389648438,22.90999984741211,23.770000457763672,23.770000457763672,5051900
2020-09-15,23.850000381469727,24.1200008392334,23.639999389648438,23.81999969482422,23.81999969482422,3402000
2020-09-16,23.940000534057617,24.770000457763672,23.889999389648438,24.270000457763672,24.270000457763672,3517100
2020-09-17,24.049999237060547,24.68000030517578,23.889999389648438,24.200000762939453,24.200000762939453,4015500
2020-09-18,24.040000915527344,24.31999969482422,23.760000228881836,23.8799991607666,23.8799991607666,5109500
2020-09-21,23.43000030517578,23.520000457763672,22.290000915527344,22.420000076293945,22.420000076293945,4096500
2020-09-22,22.420000076293945,22.770000457763672,22.18000030517578,22.329999923706055,22.329999923706055,2466500
2020-09-23,22.0,22.579999923706055,21.09000015258789,21.1200008392334,21.1200008392334,3930700
2020-09-24,21.209999084472656,21.549999237060547,20.790000915527344,21.31999969482422,21.31999969482422,3377200
2020-09-25,21.06999969482422,21.420000076293945,20.8700008392334,21.329999923706055,21.329999923706055,2414600
2020-09-28,21.75,22.1200008392334,21.559999465942383,21.950000762939453,21.950000762939453,3105700
2020-09-29,21.93000030517578,22.1299991607666,21.59000015258789,21.75,21.75,2295800
2020-09-30,21.889999389648438,22.299999237060547,21.639999389648438,21.770000457763672,21.770000457763672,2872700
2020-10-01,21.889999389648438,22.020000457763672,21.239999771118164,21.510000228881836,21.510000228881836,3595600
2020-10-02,21.149999618530273,21.600000381469727,21.059999465942383,21.5,21.5,2568400
2020-10-05,21.959999084472656,22.1299991607666,21.6200008392334,21.90999984741211,21.90999984741211,2154700
2020-10-06,22.049999237060547,22.1200008392334,21.489999771118164,21.520000457763672,21.520000457763672,2557200
2020-10-07,21.530000686645508,22.34000015258789,21.40999984741211,22.190000534057617,22.190000534057617,2665900
2020-10-08,22.329999923706055,22.790000915527344,22.280000686645508,22.770000457763672,22.770000457763672,3097500
2020-10-09,22.850000381469727,23.049999237060547,22.229999542236328,22.239999771118164,22.239999771118164,3039800
2020-10-12,22.170000076293945,22.420000076293945,21.90999984741211,22.34000015258789,22.34000015258789,1877600
2020-10-13,22.260000228881836,22.440000534057617,21.459999084472656,21.56999969482422,21.56999969482422,5107300
2020-10-14,21.649999618530273,21.760000228881836,20.889999389648438,20.93000030517578,20.93000030517578,6082400
2020-10-15,20.84000015258789,21.030000686645508,20.540000915527344,20.969999313354492,20.969999313354492,4019200
2020-10-16,20.889999389648438,21.15999984741211,20.559999465942383,20.959999084472656,20.959999084472656,2750000
2020-10-19,21.15999984741211,21.200000762939453,20.1299991607666,20.200000762939453,20.200000762939453,2728000
2020-10-20,20.479999542236328,20.489999771118164,20.1299991607666,20.25,20.25,2815200
2020-10-21,20.110000610351562,20.81999969482422,20.010000228881836,20.719999313354492,20.719999313354492,3812400
2020-10-22,21.09000015258789,21.3799991607666,20.770000457763672,21.18000030517578,21.18000030517578,2905200
2020-10-23,21.43000030517578,21.43000030517578,20.719999313354492,21.100000381469727,21.100000381469727,2149100
2020-10-26,20.93000030517578,20.979999542236328,20.280000686645508,20.520000457763672,20.520000457763672,2916500
2020-10-27,20.389999389648438,20.479999542236328,20.09000015258789,20.100000381469727,20.100000381469727,4401400
2020-10-28,19.799999237060547,19.969999313354492,19.200000762939453,19.270000457763672,19.270000457763672,5059100
2020-10-29,19.1299991607666,19.84000015258789,19.06999969482422,19.739999771118164,19.739999771118164,5898000
2020-10-30,19.809999465942383,20.239999771118164,19.670000076293945,20.239999771118164,20.239999771118164,4915000
2020-11-02,20.780000686645508,21.25,20.020000457763672,21.1200008392334,21.1200008392334,5148400
2020-11-03,21.389999389648438,21.799999237060547,20.979999542236328,21.1200008392334,21.1200008392334,5467700
2020-11-04,21.0,21.059999465942383,20.209999084472656,20.530000686645508,20.530000686645508,6833900
2020-11-05,21.1200008392334,21.59000015258789,20.6299991607666,21.43000030517578,21.43000030517578,7766600
2020-11-06,21.3700008392334,21.420000076293945,20.469999313354492,20.93000030517578,20.93000030517578,4866300
2020-11-09,21.860000610351562,23.079999923706055,21.690000534057617,22.1200008392334,22.1200008392334,6480800
2020-11-10,22.1200008392334,22.989999771118164,21.959999084472656,22.920000076293945,22.920000076293945,4378600
2020-11-11,22.889999389648438,22.950000762939453,22.360000610351562,22.440000534057617,22.440000534057617,4366000
2020-11-12,22.459999084472656,22.5,21.56999969482422,21.799999237060547,21.799999237060547,3520900
2020-11-13,22.020000457763672,23.459999084472656,21.93000030517578,23.1200008392334,23.1200008392334,5139300
2020-11-16,23.700000762939453,24.3700008392334,23.6200008392334,24.06999969482422,24.06999969482422,7796000
2020-11-17,23.59000015258789,24.56999969482422,23.469999313354492,24.299999237060547,24.299999237060547,4434900
2020-11-18,24.31999969482422,25.049999237060547,24.100000381469727,24.5,24.5,6499300
2020-11-19,24.139999389648438,25.190000534057617,24.139999389648438,25.030000686645508,25.030000686645508,5849500
2020-11-20,24.899999618530273,25.579999923706055,24.75,25.489999771118164,25.489999771118164,10031300
2020-11-23,25.799999237060547,26.6299991607666,25.56999969482422,26.5,26.5,8470900
2020-11-24,26.989999771118164,27.3799991607666,26.780000686645508,27.200000762939453,27.200000762939453,6544200
2020-11-25,26.899999618530273,27.350000381469727,26.719999313354492,27.299999237060547,27.299999237060547,5946300
2020-11-27,27.190000534057617,27.65999984741211,27.1200008392334,27.479999542236328,27.479999542236328,3959900
2020-11-30,27.270000457763672,27.40999984741211,26.719999313354492,26.90999984741211,26.90999984741211,7719400
2020-12-01,27.389999389648438,28.15999984741211,27.139999389648438,27.68000030517578,27.68000030517578,11279500
2020-12-02,29.209999084472656,29.219999313354492,27.139999389648438,28.3700008392334,28.3700008392334,10500200
2020-12-03,28.790000915527344,29.200000762939453,28.049999237060547,28.239999771118164,28.239999771118164,8932000
2020-12-04,28.34000015258789,28.780000686645508,28.15999984741211,28.479999542236328,28.479999542236328,7208900
2020-12-07,28.290000915527344,28.809999465942383,28.040000915527344,28.799999237060547,28.799999237060547,7088300
2020-12-08,28.469999313354492,28.850000381469727,27.81999969482422,28.09000015258789,28.09000015258789,11304800
2020-12-09,28.18000030517578,28.6299991607666,28.139999389648438,28.5,28.5,5417400
2020-12-10,28.209999084472656,29.049999237060547,28.100000381469727,28.790000915527344,28.790000915527344,6368300
2020-12-11,28.649999618530273,28.979999542236328,28.5,28.93000030517578,28.93000030517578,8342200
2020-12-14,29.1200008392334,29.18000030517578,28.43000030517578,28.649999618530273,28.649999618530273,7387400
2020-12-15,28.84000015258789,28.84000015258789,27.90999984741211,28.719999313354492,28.719999313354492,4314600
2020-12-16,28.65999984741211,29.020000457763672,28.399999618530273,28.790000915527344,28.790000915527344,5955100
2020-12-17,28.790000915527344,28.889999389648438,28.209999084472656,28.739999771118164,28.739999771118164,6260300
2020-12-18,28.0,28.510000228881836,27.3700008392334,27.799999237060547,27.799999237060547,8319800
2020-12-21,27.360000610351562,27.600000381469727,26.8700008392334,27.3700008392334,27.3700008392334,9440200
2020-12-22,27.559999465942383,27.6200008392334,26.920000076293945,27.209999084472656,27.209999084472656,5403400
2020-12-23,27.399999618530273,28.459999084472656,27.31999969482422,28.260000228881836,28.260000228881836,5542200
2020-12-24,28.290000915527344,28.729999542236328,27.969999313354492,28.56999969482422,28.56999969482422,3471600
2020-12-28,28.709999084472656,29.469999313354492,28.309999465942383,29.450000762939453,29.450000762939453,5020500
2020-12-29,29.56999969482422,29.799999237060547,29.18000030517578,29.690000534057617,29.690000534057617,4271800
2020-12-30,29.690000534057617,30.010000228881836,29.450000762939453,29.809999465942383,29.809999465942383,3191200
2020-12-31,29.899999618530273,30.329999923706055,29.700000762939453,30.09000015258789,30.09000015258789,5191500
2021-01-04,31.06999969482422,31.06999969482422,29.770000457763672,30.6299991607666,30.6299991607666,7537100
2021-01-05,30.43000030517578,31.729999542236328,30.389999389648438,31.520000457763672,31.520000457763672,10031500
2021-01-06,32.41999816894531,34.459999084472656,31.8799991607666,34.25,34.25,11881400
2021-01-07,34.369998931884766,35.11000061035156,33.95000076293945,34.400001525878906,34.400001525878906,16015200
2021-01-08,34.36000061035156,34.68000030517578,33.369998931884766,34.630001068115234,34.630001068115234,11310600
2021-01-11,34.34000015258789,35.27000045776367,33.70000076293945,35.130001068115234,35.130001068115234,7103100
2021-01-12,35.22999954223633,35.619998931884766,34.900001525878906,35.29999923706055,35.29999923706055,5855700
2021-01-13,35.220001220703125,36.86000061035156,35.02000045776367,36.689998626708984,36.689998626708984,12090700
2021-01-14,37.040000915527344,38.439998626708984,36.31999969482422,37.25,37.25,11860800
2021-01-15,37.2400016784668,37.91999816894531,36.63999938964844,36.7599983215332,36.7599983215332,7690500
2021-01-19,36.16999816894531,36.84000015258789,35.689998626708984,36.150001525878906,36.150001525878906,10095900
2021-01-20,36.33000183105469,36.61000061035156,35.84000015258789,36.439998626708984,36.439998626708984,6943400
2021-01-21,36.5,37.11000061035156,36.27000045776367,36.880001068115234,36.880001068115234,5372400
2021-01-22,36.709999084472656,37.619998931884766,36.0,37.4900016784668,37.4900016784668,5867800
2021-01-25,37.70000076293945,40.22999954223633,37.4900016784668,39.0,39.0,10922700
2021-01-26,39.470001220703125,40.970001220703125,39.310001373291016,40.720001220703125,40.720001220703125,12857700
2021-01-27,40.439998626708984,49.939998626708984,40.439998626708984,43.869998931884766,43.869998931884766,38255100
2021-01-28,43.58000183105469,45.20000076293945,40.47999954223633,41.02000045776367,41.02000045776367,23705100
2021-01-29,41.86000061035156,43.810001373291016,40.060001373291016,41.41999816894531,41.41999816894531,16444200
2021-02-01,41.04999923706055,42.2599983215332,40.31999969482422,42.119998931884766,42.119998931884766,10409000
2021-02-02,42.29999923706055,42.47999954223633,39.97999954223633,40.08000183105469,40.08000183105469,9692000
2021-02-03,40.540000915527344,41.310001373291016,40.08000183105469,40.810001373291016,40.810001373291016,7654200
2021-02-04,40.720001220703125,41.2599983215332,40.20000076293945,41.11000061035156,41.11000061035156,7120900
2021-02-05,41.02000045776367,42.77000045776367,40.439998626708984,42.66999816894531,42.66999816894531,4876100
2021-02-08,42.58000183105469,43.34000015258789,42.33000183105469,43.25,43.25,7198300
2021-02-09,42.900001525878906,43.540000915527344,42.349998474121094,43.5,43.5,5513000
2021-02-10,43.7599983215332,45.279998779296875,43.29999923706055,45.06999969482422,45.06999969482422,4433400
2021-02-11,44.689998626708984,45.599998474121094,44.45000076293945,45.54999923706055,45.54999923706055,5030000
2021-02-12,45.790000915527344,47.88999938964844,45.470001220703125,47.79999923706055,47.79999923706055,4107900
2021-02-16,48.060001373291016,48.5,47.2400016784668,47.349998474121094,47.349998474121094,6878200
2021-02-17,47.08000183105469,49.459999084472656,46.83000183105469,49.36000061035156,49.36000061035156,4604200
2021-02-18,49.36000061035156,50.689998626708984,49.119998931884766,49.709999084472656,49.709999084472656,8189400
2021-02-19,49.84000015258789,51.43000030517578,49.77000045776367,50.790000915527344,50.790000915527344,8666200
2021-02-22,52.130001068115234,56.02000045776367,51.63999938964844,55.290000915527344,55.290000915527344,14043000
2021-02-23,53.81999969482422,55.0099983215332,50.119998931884766,52.95000076293945,52.95000076293945,15094600
2021-02-24,50.79999923706055,52.2400016784668,50.56999969482422,51.86000061035156,51.86000061035156,10824100
2021-02-25,52.63999938964844,53.54999923706055,51.060001373291016,51.31999969482422,51.31999969482422,9490500
2021-02-26,51.61000061035156,53.529998779296875,51.119998931884766,53.029998779296875,53.029998779296875,8963000
2021-03-01,54.31999969482422,58.61000061035156,53.66999816894531,58.18000030517578,58.18000030517578,11154800
2021-03-02,57.63999938964844,60.040000915527344,57.36000061035156,59.2400016784668,59.2400016784668,7497700
2021-03-03,59.209999084472656,61.93000030517578,58.86000061035156,61.45000076293945,61.45000076293945,6310500
2021-03-04,61.88999938964844,62.970001220703125,60.45000076293945,62.599998474121094,62.599998474121094,9367400
2021-03-05,63.68000030517578,64.9000015258789,62.66999816894531,64.25,64.25,9083200
2021-03-08,64.87999725341797,67.58000183105469,63.939998626708984,67.25,67.25,9097700
2021-03-09,66.87999725341797,67.4800033569336,61.779998779296875,63.0099983215332,63.0099983215332,16965800
2021-03-10,63.86000061035156,66.56999969482422,62.459999084472656,65.81999969482422,65.81999969482422,12316200
2021-03-11,65.33999633789062,68.52999877929688,65.19999694824219,66.97000122070312,66.97000122070312,11952600
2021-03-12,67.02999877929688,71.93000030517578,66.66000366210938,71.0999984741211,71.0999984741211,15747600
2021-03-15,71.05000305175781,74.52999877929688,70.5,73.66999816894531,73.66999816894531,11184200
2021-03-16,72.6500015258789,76.61000061035156,72.61000061035156,75.80999755859375,75.80999755859375,11261100
2021-03-17,74.69000244140625,74.69000244140625,70.9800033569336,74.06999969482422,74.06999969482422,13628500
2021-03-18,72.20999908447266,76.08000183105469,71.05000305175781,75.94999694824219,75.94999694824219,12172000
2021-03-19,75.86000061035156,78.13999938964844,74.19999694824219,77.2699966430664,77.2699966430664,9262200
2021-03-22,77.9800033569336,78.08000183105469,74.51000213623047,74.6500015258789,74.6500015258789,10952800
2021-03-23,70.01000213623047,72.41999816894531,68.41000366210938,71.68000030517578,71.68000030517578,12233800
2021-03-24,70.76000213623047,72.22000122070312,61.880001068115234,61.939998626708984,61.939998626708984,16131200
2021-03-25,58.189998626708984,62.2400016784668,56.90999984741211,57.75,57.75,13590900
2021-03-26,57.45000076293945,58.209999084472656,34.599998474121094,41.900001525878906,41.900001525878906,106071700
2021-03-29,43.0,44.75,39.81999969482422,41.22999954223633,41.22999954223633,65944200
2021-03-30,43.34000015258789,46.18000030517578,42.0,43.439998626708984,43.439998626708984,45823200
2021-03-31,44.150001525878906,45.279998779296875,42.349998474121094,43.459999084472656,43.459999084472656,31581800
2021-04-01,43.97999954223633,44.310001373291016,42.150001525878906,43.310001373291016,43.310001373291016,16364900
2021-04-05,42.75,43.400001525878906,40.790000915527344,41.63999938964844,41.63999938964844,22810800
2021-04-06,41.560001373291016,44.34000015258789,41.560001373291016,43.380001068115234,43.380001068115234,23200400
2021-04-07,44.66999816894531,45.470001220703125,42.5,43.38999938964844,43.38999938964844,15198400
2021-04-08,43.209999084472656,43.619998931884766,41.380001068115234,41.880001068115234,41.880001068115234,14780500
2021-04-09,41.650001525878906,42.59000015258789,41.25,42.0,42.0,14390400
2021-04-12,41.88999938964844,42.47999954223633,40.31999969482422,40.380001068115234,40.380001068115234,10140000
2021-04-13,40.16999816894531,41.31999969482422,39.689998626708984,40.380001068115234,40.380001068115234,10200500
2021-04-14,39.0,40.11000061035156,38.060001373291016,38.380001068115234,38.380001068115234,35615900
2021-04-15,38.790000915527344,38.95000076293945,37.27000045776367,37.81999969482422,37.81999969482422,15764000
2021-04-16,37.95000076293945,38.27000045776367,37.11000061035156,37.34000015258789,37.34000015258789,15955500
2021-04-19,37.439998626708984,37.619998931884766,35.959999084472656,36.369998931884766,36.369998931884766,15280200
2021-04-20,36.540000915527344,36.54999923706055,35.279998779296875,35.470001220703125,35.470001220703125,11144600
2021-04-21,35.15999984741211,38.5099983215332,34.810001373291016,38.47999954223633,38.47999954223633,21090600
2021-04-22,38.68000030517578,39.16999816894531,37.56999969482422,38.209999084472656,38.209999084472656,18289100
2021-04-23,38.38999938964844,38.70000076293945,37.41999816894531,38.400001525878906,38.400001525878906,10102800
2021-04-26,38.5,39.029998779296875,37.349998474121094,38.849998474121094,38.849998474121094,10454900
2021-04-27,38.630001068115234,39.54999923706055,38.400001525878906,39.0099983215332,39.0099983215332,7560200
2021-04-28,35.959999084472656,37.779998779296875,35.560001373291016,37.4900016784668,37.4900016784668,16863600
2021-04-29,38.459999084472656,38.66999816894531,37.150001525878906,37.95000076293945,37.95000076293945,12812500
2021-04-30,37.959999084472656,38.79999923706055,37.529998779296875,37.65999984741211,37.65999984741211,5914100
2021-05-03,37.36000061035156,37.529998779296875,35.650001525878906,36.119998931884766,36.119998931884766,13788800
2021-05-04,36.09000015258789,36.58000183105469,35.29999923706055,36.52000045776367,36.52000045776367,7026200
2021-05-05,36.470001220703125,36.880001068115234,35.959999084472656,36.65999984741211,36.65999984741211,5173500
2021-05-06,37.08000183105469,37.38999938964844,35.83000183105469,36.25,36.25,6745700
2021-05-07,36.47999954223633,37.72999954223633,36.099998474121094,37.560001373291016,37.560001373291016,8232000
2021-05-10,37.70000076293945,38.06999969482422,37.08000183105469,37.2599983215332,37.2599983215332,6194000
2021-05-11,36.290000915527344,37.349998474121094,35.970001220703125,36.779998779296875,36.779998779296875,5517100
2021-05-12,36.77000045776367,37.40999984741211,35.689998626708984,35.7599983215332,35.7599983215332,5041000
2021-05-13,35.880001068115234,36.83000183105469,34.63999938964844,35.22999954223633,35.22999954223633,8194100
2021-05-14,35.61000061035156,36.040000915527344,35.02000045776367,35.650001525878906,35.650001525878906,4717500
2021-05-17,39.2400016784668,39.70000076293945,33.43000030517578,33.849998474121094,33.849998474121094,89513200
2021-05-18,33.7599983215332,34.52000045776367,32.439998626708984,33.310001373291016,33.310001373291016,31351600
2021-05-19,32.68000030517578,33.599998474121094,32.540000915527344,33.11000061035156,33.11000061035156,18898400
2021-05-20,33.34000015258789,33.5099983215332,31.75,31.850000381469727,31.850000381469727,19397000
2021-05-21,31.989999771118164,32.349998474121094,31.360000610351562,31.469999313354492,31.469999313354492,17539900
2021-05-24,31.31999969482422,31.81999969482422,30.610000610351562,31.280000686645508,31.280000686645508,12265900
2021-05-25,31.559999465942383,31.719999313354492,30.559999465942383,30.65999984741211,30.65999984741211,10209200
2021-05-26,30.709999084472656,32.04999923706055,30.700000762939453,31.81999969482422,31.81999969482422,11316400
2021-05-27,31.799999237060547,32.7599983215332,31.510000228881836,32.52000045776367,32.52000045776367,9663900
2021-05-28,32.54999923706055,32.689998626708984,32.02000045776367,32.11000061035156,32.11000061035156,8168000
2021-06-01,32.279998779296875,32.45000076293945,31.8799991607666,32.0,32.0,7727300
2021-06-02,32.290000915527344,32.56999969482422,31.360000610351562,32.150001525878906,32.150001525878906,8556600
2021-06-03,32.09000015258789,32.400001525878906,31.309999465942383,31.6299991607666,31.6299991607666,6681600
2021-06-04,31.75,31.899999618530273,31.170000076293945,31.549999237060547,31.549999237060547,5115400
2021-06-07,31.670000076293945,31.979999542236328,31.15999984741211,31.239999771118164,31.239999771118164,5046400
2021-06-08,31.219999313354492,31.309999465942383,29.940000534057617,30.040000915527344,30.040000915527344,12160200
2021-06-09,30.09000015258789,31.0,30.010000228881836,30.559999465942383,30.559999465942383,6625700
2021-06-10,30.670000076293945,30.850000381469727,29.969999313354492,30.139999389648438,30.139999389648438,7832700
2021-06-11,30.399999618530273,30.809999465942383,30.239999771118164,30.790000915527344,30.790000915527344,5280100
2021-06-14,30.959999084472656,31.479999542236328,30.65999984741211,30.81999969482422,30.81999969482422,5182600
2021-06-15,30.81999969482422,31.530000686645508,30.049999237060547,30.06999969482422,30.06999969482422,6912600
2021-06-16,30.020000457763672,30.59000015258789,29.540000915527344,30.459999084472656,30.459999084472656,7134200
2021-06-17,30.31999969482422,30.489999771118164,29.34000015258789,29.40999984741211,29.40999984741211,7729000
2021-06-18,29.260000228881836,29.5,28.889999389648438,29.079999923706055,29.079999923706055,10228800
2021-06-21,29.149999618530273,29.729999542236328,29.010000228881836,29.690000534057617,29.690000534057617,7984600
2021-06-22,29.690000534057617,29.700000762939453,29.020000457763672,29.489999771118164,29.489999771118164,6575500
2021-06-23,29.34000015258789,30.06999969482422,29.34000015258789,29.510000228881836,29.510000228881836,9244400
2021-06-24,29.639999389648438,30.360000610351562,29.459999084472656,30.31999969482422,30.31999969482422,6667600
2021-06-25,30.350000381469727,30.979999542236328,30.110000610351562,30.860000610351562,30.860000610351562,6852200
2021-06-28,30.959999084472656,31.309999465942383,30.329999923706055,30.56999969482422,30.56999969482422,5635500
2021-06-29,30.690000534057617,30.860000610351562,30.190000534057617,30.34000015258789,30.34000015258789,3951500
2021-06-30,30.40999984741211,30.790000915527344,29.940000534057617,30.68000030517578,30.68000030517578,5656500
2021-07-01,30.729999542236328,31.8799991607666,30.549999237060547,31.200000762939453,31.200000762939453,7054100
2021-07-02,31.030000686645508,31.670000076293945,30.799999237060547,31.139999389648438,31.139999389648438,4327900
2021-07-06,31.170000076293945,31.170000076293945,30.030000686645508,30.34000015258789,30.34000015258789,4471700
2021-07-07,30.18000030517578,30.350000381469727,29.459999084472656,29.559999465942383,29.559999465942383,5171300
2021-07-08,29.0,29.25,28.280000686645508,28.780000686645508,28.780000686645508,6978700
2021-07-09,29.200000762939453,29.479999542236328,28.8700008392334,29.299999237060547,29.299999237060547,4001800
2021-07-12,29.229999542236328,29.719999313354492,28.860000610351562,29.649999618530273,29.649999618530273,3267300
2021-07-13,29.43000030517578,29.729999542236328,28.950000762939453,29.100000381469727,29.100000381469727,6415800
2021-07-14,29.209999084472656,29.329999923706055,28.549999237060547,28.739999771118164,28.739999771118164,5500000
2021-07-15,28.600000381469727,29.15999984741211,28.34000015258789,28.459999084472656,28.459999084472656,5218700
2021-07-16,28.540000915527344,29.079999923706055,28.049999237060547,28.18000030517578,28.18000030517578,6284300
2021-07-19,27.770000457763672,28.209999084472656,27.079999923706055,27.81999969482422,27.81999969482422,7095500
2021-07-20,27.8799991607666,28.219999313354492,27.520000457763672,28.1299991607666,28.1299991607666,3534400
2021-07-21,28.209999084472656,29.049999237060547,28.209999084472656,28.790000915527344,28.790000915527344,4030400
2021-07-22,28.850000381469727,28.93000030517578,27.8700008392334,28.479999542236328,28.479999542236328,4515400
2021-07-23,28.6299991607666,28.68000030517578,27.860000610351562,28.469999313354492,28.469999313354492,3030300
2021-07-26,28.43000030517578,31.399999618530273,28.350000381469727,29.34000015258789,29.34000015258789,16584200
2021-07-27,29.020000457763672,29.579999923706055,28.75,28.829999923706055,28.829999923706055,6553000
2021-07-28,28.899999618530273,29.93000030517578,27.34000015258789,29.389999389648438,29.389999389648438,15471800
2021-07-29,29.399999618530273,31.0,29.31999969482422,30.18000030517578,30.18000030517578,9316000
2021-07-30,29.920000076293945,30.15999984741211,28.889999389648438,29.010000228881836,29.010000228881836,4097300
2021-08-02,29.229999542236328,29.59000015258789,28.93000030517578,29.09000015258789,29.09000015258789,4114900
2021-08-03,29.18000030517578,29.280000686645508,26.850000381469727,27.8700008392334,27.8700008392334,13105300
2021-08-04,27.809999465942383,28.579999923706055,27.43000030517578,28.34000015258789,28.34000015258789,6219500
2021-08-05,28.43000030517578,29.399999618530273,28.280000686645508,29.200000762939453,29.200000762939453,4563400
2021-08-06,29.239999771118164,29.719999313354492,28.8700008392334,29.040000915527344,29.040000915527344,6594400
2021-08-09,29.030000686645508,29.309999465942383,28.770000457763672,29.229999542236328,29.229999542236328,2507300
2021-08-10,29.1299991607666,29.5,28.81999969482422,29.440000534057617,29.440000534057617,4487000
2021-08-11,29.440000534057617,29.610000610351562,29.049999237060547,29.450000762939453,29.450000762939453,2966400
2021-08-12,29.6200008392334,29.729999542236328,28.709999084472656,28.899999618530273,28.899999618530273,3949500
2021-08-13,29.110000610351562,29.209999084472656,28.360000610351562,28.420000076293945,28.420000076293945,3276600
2021-08-16,28.260000228881836,28.729999542236328,27.799999237060547,28.34000015258789,28.34000015258789,5022200
2021-08-17,28.0,28.670000076293945,27.799999237060547,28.610000610351562,28.610000610351562,3813000
2021-08-18,28.719999313354492,29.229999542236328,28.40999984741211,28.450000762939453,28.450000762939453,4637300
2021-08-19,28.40999984741211,28.43000030517578,27.690000534057617,27.739999771118164,27.739999771118164,5425000
2021-08-20,27.65999984741211,28.1299991607666,27.3799991607666,28.06999969482422,28.06999969482422,4087400
2021-08-23,28.309999465942383,28.690000534057617,28.049999237060547,28.440000534057617,28.440000534057617,3286700
2021-08-24,28.479999542236328,28.959999084472656,28.450000762939453,28.700000762939453,28.700000762939453,3403800
2021-08-25,28.709999084472656,29.079999923706055,28.450000762939453,28.739999771118164,28.739999771118164,2704100
2021-08-26,28.920000076293945,28.93000030517578,27.770000457763672,27.889999389648438,27.889999389648438,4019900
2021-08-27,27.899999618530273,28.3799991607666,27.65999984741211,28.280000686645508,28.280000686645508,4009400
2021-08-30,28.479999542236328,28.479999542236328,27.690000534057617,27.850000381469727,27.850000381469727,3084900
2021-08-31,27.799999237060547,28.969999313354492,27.790000915527344,28.84000015258789,28.84000015258789,5288900
2021-09-01,28.81999969482422,28.920000076293945,28.290000915527344,28.43000030517578,28.43000030517578,3271500
2021-09-02,28.520000457763672,29.040000915527344,28.3799991607666,28.940000534057617,28.940000534057617,3622900
2021-09-03,28.950000762939453,28.950000762939453,28.15999984741211,28.309999465942383,28.309999465942383,3655100
2021-09-07,28.309999465942383,28.739999771118164,27.93000030517578,27.959999084472656,27.959999084472656,3297000
2021-09-08,27.959999084472656,28.239999771118164,26.940000534057617,26.979999542236328,26.979999542236328,5693700
2021-09-09,26.90999984741211,27.219999313354492,26.610000610351562,26.790000915527344,26.790000915527344,4921600
2021-09-10,26.780000686645508,26.889999389648438,26.110000610351562,26.149999618530273,26.149999618530273,6605800
2021-09-13,26.350000381469727,27.1200008392334,26.18000030517578,27.059999465942383,27.059999465942383,5440000
2021-09-14,27.100000381469727,27.100000381469727,25.790000915527344,26.260000228881836,26.260000228881836,9715700
2021-09-15,26.329999923706055,27.049999237060547,26.110000610351562,26.809999465942383,26.809999465942383,7610300
2021-09-16,26.739999771118164,27.200000762939453,26.549999237060547,26.989999771118164,26.989999771118164,4933500
2021-09-17,27.0,27.40999984741211,26.770000457763672,26.8799991607666,26.8799991607666,7576900
2021-09-20,26.420000076293945,26.440000534057617,25.549999237060547,26.010000228881836,26.010000228881836,8634500
2021-09-21,26.18000030517578,26.450000762939453,24.979999542236328,25.149999618530273,25.149999618530273,8906600
2021-09-22,25.3700008392334,26.1299991607666,25.360000610351562,25.440000534057617,25.440000534057617,6458000
2021-09-23,25.489999771118164,26.049999237060547,25.489999771118164,25.530000686645508,25.530000686645508,4145700
2021-09-24,25.520000457763672,25.68000030517578,25.200000762939453,25.299999237060547,25.299999237060547,5638600
2021-09-27,25.360000610351562,26.520000457763672,25.34000015258789,26.139999389648438,26.139999389648438,5156000
2021-09-28,26.049999237060547,26.469999313354492,25.549999237060547,25.600000381469727,25.600000381469727,3798400
2021-09-29,25.690000534057617,25.8700008392334,25.3700008392334,25.420000076293945,25.420000076293945,3560400
2021-09-30,25.479999542236328,25.56999969482422,24.860000610351562,25.3799991607666,25.3799991607666,5331300
2021-10-01,25.530000686645508,26.010000228881836,25.329999923706055,25.739999771118164,25.739999771118164,3614600
2021-10-04,25.65999984741211,25.829999923706055,25.329999923706055,25.610000610351562,25.610000610351562,6528200
2021-10-05,25.670000076293945,26.3799991607666,25.40999984741211,26.149999618530273,26.149999618530273,5991600
2021-10-06,25.770000457763672,25.90999984741211,25.06999969482422,25.8799991607666,25.8799991607666,7529000
2021-10-07,26.100000381469727,26.809999465942383,25.940000534057617,26.459999084472656,26.459999084472656,6745900
2021-10-08,26.65999984741211,26.989999771118164,25.860000610351562,25.889999389648438,25.889999389648438,3587300
2021-10-11,26.020000457763672,26.100000381469727,25.170000076293945,25.170000076293945,25.170000076293945,4413000
2021-10-12,25.18000030517578,25.469999313354492,24.479999542236328,24.579999923706055,24.579999923706055,7419100
2021-10-13,24.81999969482422,25.540000915527344,24.670000076293945,25.5,25.5,7149100
2021-10-14,25.549999237060547,25.739999771118164,25.110000610351562,25.260000228881836,25.260000228881836,4031000
2021-10-15,25.479999542236328,25.600000381469727,24.770000457763672,24.829999923706055,24.829999923706055,5415700
2021-10-18,24.739999771118164,25.209999084472656,24.440000534057617,24.670000076293945,24.670000076293945,5113300
2021-10-19,24.989999771118164,25.209999084472656,24.639999389648438,24.899999618530273,24.899999618530273,6306900
2021-10-20,24.770000457763672,25.700000762939453,24.739999771118164,25.329999923706055,25.329999923706055,5875500
2021-10-21,25.3700008392334,25.969999313354492,24.739999771118164,25.0,25.0,6041000
2021-10-22,25.079999923706055,25.270000457763672,24.75,25.100000381469727,25.100000381469727,3904200
2021-10-25,25.100000381469727,25.559999465942383,25.030000686645508,25.290000915527344,25.290000915527344,5062400
2021-10-26,25.5,25.540000915527344,24.540000915527344,24.639999389648438,24.639999389648438,5858200
2021-10-27,24.739999771118164,24.760000228881836,23.59000015258789,23.600000381469727,23.600000381469727,7348600
2021-10-28,23.56999969482422,24.34000015258789,23.520000457763672,24.309999465942383,24.309999465942383,4666000
2021-10-29,24.149999618530273,24.25,23.399999618530273,23.440000534057617,23.440000534057617,5842700
2021-11-01,23.700000762939453,24.700000762939453,23.559999465942383,24.420000076293945,24.420000076293945,6912200
2021-11-02,24.420000076293945,24.799999237060547,23.850000381469727,24.549999237060547,24.549999237060547,10507900
2021-11-03,24.399999618530273,25.780000686645508,23.760000228881836,25.600000381469727,25.600000381469727,11278200
2021-11-04,25.65999984741211,25.84000015258789,24.969999313354492,25.459999084472656,25.459999084472656,6681200
2021-11-05,25.639999389648438,26.600000381469727,25.40999984741211,26.520000457763672,26.520000457763672,6208200
2021-11-08,26.829999923706055,26.989999771118164,26.209999084472656,26.280000686645508,26.280000686645508,6800700
2021-11-09,26.5,26.780000686645508,25.979999542236328,26.649999618530273,26.649999618530273,4307400
2021-11-10,26.649999618530273,28.059999465942383,26.520000457763672,27.360000610351562,27.360000610351562,7760200
2021-11-11,27.15999984741211,28.979999542236328,26.75,28.229999542236328,28.229999542236328,12304500
2021-11-12,28.15999984741211,28.700000762939453,27.8700008392334,27.90999984741211,27.90999984741211,5414800
2021-11-15,28.0,28.8799991607666,27.8799991607666,28.020000457763672,28.020000457763672,4125300
2021-11-16,27.989999771118164,28.020000457763672,27.5,27.729999542236328,27.729999542236328,4827700
2021-11-17,27.610000610351562,27.850000381469727,27.209999084472656,27.59000015258789,27.59000015258789,4515700
2021-11-18,27.559999465942383,27.600000381469727,26.510000228881836,26.850000381469727,26.850000381469727,5129300
